image_id,storm_id,relative_time,ocean,wind_speed,category,category_fold
eck_160,eck,455400,2,138,3,0
wsy_259,wsy,561602,1,120,3,0
vni_005,vni,10800,1,125,3,0
zvv_067,zvv,143999,1,138,3,0
sdt_122,sdt,262800,1,120,3,0
gux_090,gux,212401,2,142,3,0
gux_146,gux,394201,2,129,3,0
azm_048,azm,379800,2,117,3,0
imi_101,imi,462602,2,117,3,0
woz_013,woz,27001,1,119,3,0
xnq_135,xnq,475200,2,120,3,0
hqw_104,hqw,374402,2,125,3,0
bcf_016,bcf,36001,1,141,3,0
fmv_060,fmv,131399,1,127,3,0
vni_028,vni,75600,1,118,3,0
rdc_095,rdc,660600,2,124,3,0
erx_009,erx,25200,2,120,3,0
wtz_087,wtz,313201,1,135,3,0
pug_290,pug,629998,1,119,3,0
snk_047,snk,142200,1,125,3,0
tmx_094,tmx,239402,1,128,3,0
vgg_013,vgg,26999,1,118,3,0
tmx_104,tmx,266401,1,119,3,0
djm_114,djm,244800,1,118,3,0
tmx_093,tmx,237603,1,129,3,0
gux_143,gux,388801,2,130,3,0
bcf_037,bcf,81000,1,184,3,0
qfa_021,qfa,62998,1,121,3,0
bcf_035,bcf,77400,1,183,3,0
wsy_218,wsy,471601,1,130,3,0
psz_115,psz,248400,2,138,3,0
rdc_080,rdc,628201,2,144,3,0
gmt_017,gmt,39599,2,121,3,0
cti_061,cti,131399,1,117,3,0
vgg_045,vgg,97199,1,129,3,0
meg_053,meg,221399,2,120,3,0
meg_092,meg,329399,2,125,3,0
hqw_102,hqw,367202,2,125,3,0
yry_288,yry,1061994,2,125,3,0
vgg_040,vgg,86399,1,134,3,0
wsy_185,wsy,401402,1,120,3,0
wsy_156,wsy,338400,1,131,3,0
pvj_081,pvj,174600,1,117,3,0
frv_098,frv,212398,1,119,3,0
dft_148,dft,320400,1,120,3,0
meg_058,meg,232200,2,120,3,0
tmv_092,tmv,324000,2,145,3,0
iag_133,iag,287999,1,118,3,0
eck_161,eck,457200,2,137,3,0
eck_156,eck,446400,2,143,3,0
ijc_125,ijc,271799,1,117,3,0
xtd_178,xtd,383399,1,117,3,0
dft_146,dft,316801,1,121,3,0
psz_124,psz,266400,2,142,3,0
xtd_164,xtd,352800,1,125,3,0
owg_001,owg,1800,2,119,3,0
jht_112,jht,327600,2,129,3,0
tmv_127,tmv,424800,2,121,3,0
erx_002,erx,3600,2,120,3,0
dce_203,dce,730797,2,155,3,0
ike_092,ike,223201,2,150,3,0
hfh_065,hfh,234003,1,120,3,0
cti_071,cti,152999,1,124,3,0
vgg_048,vgg,102599,1,125,3,0
zvv_096,zvv,206999,1,127,3,0
fzw_034,fzw,268198,2,117,3,0
qfa_037,qfa,106200,1,125,3,0
hsq_159,hsq,513000,1,126,3,0
eck_165,eck,466200,2,131,3,0
efl_117,efl,259200,1,136,3,0
sdt_108,sdt,232201,1,130,3,0
wsy_142,wsy,307801,1,122,3,0
bcf_056,bcf,122402,1,135,3,0
rdc_090,rdc,649802,2,136,3,0
jht_108,jht,318600,2,119,3,0
tmv_088,tmv,315000,2,136,3,0
vni_015,vni,32401,1,123,3,0
hcg_138,hcg,351001,2,125,3,0
eoi_239,eoi,518401,1,120,3,0
gux_165,gux,435600,2,125,3,0
hcg_132,hcg,338401,2,125,3,0
tmx_054,tmx,131402,1,120,3,0
pug_285,pug,619199,1,121,3,0
tmx_098,tmx,252001,1,125,3,0
ike_126,ike,309601,2,123,3,0
xnq_058,xnq,307800,2,127,3,0
psz_147,psz,316801,2,146,3,0
xnq_065,xnq,324000,2,120,3,0
hsq_152,hsq,498599,1,129,3,0
gux_283,gux,691200,2,120,3,0
gmt_010,gmt,25199,2,124,3,0
vgg_037,vgg,79199,1,137,3,0
vni_002,vni,5401,1,125,3,0
hqw_108,hqw,388802,2,125,3,0
meg_057,meg,228600,2,120,3,0
fmv_038,fmv,84599,1,135,3,0
xtd_156,xtd,336601,1,123,3,0
wsy_216,wsy,468000,1,129,3,0
hqw_106,hqw,381602,2,125,3,0
hcg_137,hcg,349203,2,125,3,0
hfh_068,hfh,244803,1,120,3,0
utl_119,utl,287999,1,123,3,0
efl_099,efl,219599,1,125,3,0
dce_214,dce,770397,2,155,3,0
rdc_070,rdc,397800,2,155,3,0
ike_098,ike,243000,2,148,3,0
azm_020,azm,286200,2,139,3,0
cti_067,cti,144000,1,123,3,0
pug_278,pug,601200,1,125,3,0
rdc_091,rdc,651600,2,134,3,0
gmt_024,gmt,55798,2,117,3,0
dce_207,dce,745197,2,160,3,0
gux_284,gux,692999,2,120,3,0
zvv_098,zvv,210599,1,126,3,0
azm_045,azm,372600,2,119,3,0
dce_219,dce,788396,2,145,3,0
ijc_110,ijc,239398,1,124,3,0
xnq_037,xnq,262800,2,120,3,0
xgr_045,xgr,102602,1,127,3,0
oli_022,oli,48602,1,118,3,0
sdt_114,sdt,246600,1,127,3,0
gux_282,gux,687599,2,119,3,0
gux_123,gux,345600,2,130,3,0
ssq_057,ssq,205201,1,120,3,0
tmx_099,tmx,255601,1,124,3,0
hcg_139,hcg,352801,2,125,3,0
eck_135,eck,401400,2,138,3,0
pcq_020,pcq,106200,2,121,3,0
psz_094,psz,201601,2,123,3,0
xgr_038,xgr,88201,1,137,3,0
xnq_136,xnq,477000,2,119,3,0
sdt_105,sdt,226801,1,130,3,0
bcf_043,bcf,93599,1,183,3,0
dft_136,dft,295202,1,125,3,0
vgg_032,vgg,68399,1,138,3,0
ojw_100,ojw,216000,1,117,3,0
xtd_177,xtd,381599,1,117,3,0
xnq_054,xnq,298800,2,128,3,0
dft_144,dft,313202,1,122,3,0
imi_093,imi,444600,2,121,3,0
fzw_024,fzw,181798,2,138,3,0
rdc_098,rdc,667800,2,117,3,0
meg_093,meg,331200,2,125,3,0
dce_184,dce,662397,2,130,3,0
gmt_006,gmt,12600,2,123,3,0
gux_219,gux,552601,2,117,3,0
zvv_077,zvv,165600,1,136,3,0
grt_064,grt,138599,1,122,3,0
tmv_131,tmv,433800,2,119,3,0
meg_074,meg,282600,2,120,3,0
xnq_036,xnq,261000,2,120,3,0
bcf_023,bcf,50401,1,163,3,0
wsy_204,wsy,442800,1,123,3,0
eck_150,eck,433800,2,149,3,0
imi_067,imi,388801,2,134,3,0
tmx_076,tmx,192600,1,135,3,0
wsy_240,wsy,520200,1,129,3,0
jht_115,jht,334800,2,117,3,0
fmv_044,fmv,97199,1,135,3,0
snk_063,snk,178201,1,125,3,0
ike_133,ike,340200,2,139,3,0
psz_118,psz,253802,2,139,3,0
imi_085,imi,426600,2,126,3,0
rdc_086,rdc,640801,2,145,3,0
dce_177,dce,637197,2,125,3,0
wsy_230,wsy,498602,1,130,3,0
xtd_169,xtd,363599,1,125,3,0
eck_137,eck,405000,2,141,3,0
eck_145,eck,423000,2,148,3,0
tmx_090,tmx,223202,1,132,3,0
xnq_060,xnq,313200,2,125,3,0
frv_083,frv,180000,1,125,3,0
utl_106,utl,261000,1,125,3,0
hsq_176,hsq,550801,1,117,3,0
efl_097,efl,215998,1,121,3,0
rdc_052,rdc,358201,2,155,3,0
xnq_122,xnq,446400,2,121,3,0
gmt_000,gmt,0,2,120,3,0
psz_149,psz,320400,2,142,3,0
utl_112,utl,273599,1,125,3,0
ijc_111,ijc,241198,1,124,3,0
tmx_074,tmx,187201,1,134,3,0
qfa_036,qfa,95400,1,127,3,0
wsy_183,wsy,396001,1,120,3,0
hcg_135,hcg,343801,2,125,3,0
wsy_198,wsy,428400,1,120,3,0
kqu_202,kqu,437400,1,117,3,0
rdc_058,rdc,370803,2,155,3,0
azm_009,azm,253801,2,134,3,0
xgr_040,xgr,91801,1,135,3,0
psz_154,psz,331199,2,137,3,0
tmx_072,tmx,183601,1,131,3,0
hsq_119,hsq,399600,1,118,3,0
efl_125,efl,277198,1,124,3,0
efl_105,efl,234000,1,140,3,0
psz_108,psz,232201,2,138,3,0
wsy_143,wsy,309601,1,123,3,0
xtd_158,xtd,340202,1,124,3,0
gzl_044,gzl,349201,2,120,3,0
tmv_084,tmv,306000,2,125,3,0
sdt_104,sdt,225002,1,130,3,0
iaz_120,iaz,394201,2,120,3,0
pcq_032,pcq,354600,2,137,3,0
djm_084,djm,180001,1,119,3,0
xgr_008,xgr,16202,1,148,3,0
zvv_082,zvv,176400,1,134,3,0
pcq_053,pcq,406800,2,136,3,0
gux_152,gux,406800,2,126,3,0
xnq_131,xnq,466200,2,122,3,0
tmx_065,tmx,169200,1,121,3,0
tmx_047,tmx,117002,1,120,3,0
ijc_114,ijc,248400,1,122,3,0
meg_062,meg,246600,2,120,3,0
rdc_055,rdc,365401,2,155,3,0
wsy_215,wsy,466200,1,128,3,0
ykj_081,ykj,178200,1,125,3,0
bcf_057,bcf,124201,1,130,3,0
meg_097,meg,351000,2,120,3,0
vgg_017,vgg,35999,1,123,3,0
rdc_039,rdc,295201,2,129,3,0
fzw_035,fzw,269998,2,117,3,0
djm_083,djm,178200,1,118,3,0
fzw_026,fzw,185398,2,139,3,0
rdc_053,rdc,360001,2,155,3,0
jht_114,jht,331200,2,127,3,0
gux_206,gux,523800,2,124,3,0
hcg_151,hcg,378002,2,121,3,0
gux_163,gux,432000,2,125,3,0
wsy_225,wsy,487801,1,130,3,0
owg_000,owg,0,2,120,3,0
woz_046,woz,99001,1,119,3,0
hsq_132,hsq,426599,1,124,3,0
gux_288,gux,702000,2,120,3,0
bcf_044,bcf,97200,1,182,3,0
xnq_040,xnq,270000,2,118,3,0
tlc_291,tlc,630000,1,118,3,0
oli_042,oli,91800,1,120,3,0
yry_274,yry,1007994,2,120,3,0
snk_061,snk,172800,1,125,3,0
snk_070,snk,192601,1,122,3,0
hcg_128,hcg,329401,2,121,3,0
xnq_061,xnq,315000,2,124,3,0
tmv_094,tmv,327600,2,146,3,0
fmv_065,fmv,142200,1,120,3,0
zvv_105,zvv,226800,1,119,3,0
gux_144,gux,390601,2,129,3,0
eoi_252,eoi,545402,1,122,3,0
gux_097,gux,280801,2,130,3,0
wsy_226,wsy,489602,1,130,3,0
dce_220,dce,791996,2,145,3,0
snk_062,snk,174600,1,125,3,0
hcg_144,hcg,363602,2,124,3,0
xnq_034,xnq,255600,2,118,3,0
wtz_075,wtz,270000,1,120,3,0
hsq_166,hsq,529201,1,122,3,0
erx_004,erx,7200,2,120,3,0
rdc_071,rdc,608401,2,139,3,0
tmx_063,tmx,163800,1,120,3,0
fpc_007,fpc,167400,2,121,3,0
sdt_116,sdt,250201,1,126,3,0
dft_151,dft,327600,1,119,3,0
snk_048,snk,145800,1,125,3,0
meg_048,meg,210600,2,122,3,0
gux_130,gux,359999,2,134,3,0
rdc_036,rdc,289801,2,126,3,0
gux_085,gux,201601,2,129,3,0
zvv_076,zvv,163801,1,137,3,0
bcf_028,bcf,61201,1,178,3,0
rdc_028,rdc,271801,2,118,3,0
xgr_032,xgr,75600,1,146,3,0
pcq_048,pcq,396001,2,150,3,0
wsy_211,wsy,457199,1,126,3,0
sdt_102,sdt,219601,1,130,3,0
bcf_045,bcf,99001,1,182,3,0
wsy_196,wsy,424800,1,120,3,0
woz_047,woz,100801,1,117,3,0
wtz_085,wtz,306001,1,135,3,0
gmt_022,gmt,50399,2,118,3,0
vni_026,vni,72000,1,119,3,0
hsq_141,hsq,475201,1,130,3,0
tmx_071,tmx,181800,1,130,3,0
eck_155,eck,444600,2,144,3,0
vni_008,vni,18000,1,125,3,0
gux_100,gux,286201,2,130,3,0
gux_102,gux,291601,2,130,3,0
dce_204,dce,734397,2,160,3,0
psz_120,psz,259200,2,140,3,0
gux_179,gux,466201,2,128,3,0
dft_152,dft,329399,1,118,3,0
zvv_071,zvv,153000,1,139,3,0
hcg_131,hcg,334801,2,124,3,0
grt_061,grt,131399,1,126,3,0
fmv_033,fmv,75600,1,125,3,0
hsq_122,hsq,405000,1,119,3,0
ykj_084,ykj,183600,1,125,3,0
tmv_124,tmv,417600,2,123,3,0
kqu_209,kqu,453600,1,120,3,0
wsy_224,wsy,486001,1,130,3,0
meg_067,meg,268200,2,120,3,0
psz_122,psz,262800,2,141,3,0
sdt_099,sdt,214201,1,130,3,0
pug_268,pug,579600,1,119,3,0
tmv_126,tmv,423000,2,122,3,0
wsy_207,wsy,448200,1,124,3,0
psz_131,psz,282601,2,146,3,0
dce_230,dce,827996,2,125,3,0
hsq_124,hsq,410400,1,120,3,0
brm_019,brm,248400,2,119,3,0
woz_011,woz,23400,1,118,3,0
tmx_062,tmx,162000,1,120,3,0
dce_195,dce,701997,2,145,3,0
gux_184,gux,477001,2,130,3,0
iaz_119,iaz,390601,2,119,3,0
utl_102,utl,251999,1,124,3,0
hqw_116,hqw,417602,2,120,3,0
wsy_153,wsy,331201,1,133,3,0
erx_017,erx,43200,2,120,3,0
wtz_099,wtz,356401,1,120,3,0
kqu_212,kqu,459000,1,118,3,0
frv_081,frv,176400,1,122,3,0
tlc_282,tlc,610200,1,117,3,0
cti_064,cti,136799,1,119,3,0
eoi_256,eoi,554403,1,124,3,0
dce_217,dce,781196,2,145,3,0
ike_137,ike,349200,2,129,3,0
xtd_173,xtd,372599,1,122,3,0
gux_101,gux,288001,2,130,3,0
fpc_016,fpc,185400,2,125,3,0
grt_058,grt,125998,1,127,3,0
psz_137,psz,295201,2,149,3,0
wsy_139,wsy,302401,1,117,3,0
hsq_175,hsq,547201,1,118,3,0
gux_211,gux,534600,2,121,3,0
xgr_029,xgr,68400,1,151,3,0
hcg_142,hcg,360002,2,125,3,0
wsy_190,wsy,412202,1,120,3,0
gux_096,gux,277201,2,131,3,0
oli_031,oli,68402,1,120,3,0
tmx_073,tmx,185400,1,133,3,0
wsy_164,wsy,356400,1,127,3,0
xnq_052,xnq,295200,2,124,3,0
utl_096,utl,228601,1,117,3,0
vgg_039,vgg,82801,1,136,3,0
wsy_182,wsy,394201,1,120,3,0
xgr_012,xgr,25202,1,151,3,0
qfa_022,qfa,64798,1,122,3,0
imi_087,imi,432000,2,124,3,0
gux_147,gux,396001,2,128,3,0
gux_112,gux,320400,2,126,3,0
iag_134,iag,291599,1,117,3,0
dce_208,dce,748797,2,160,3,0
zvv_054,zvv,115201,1,121,3,0
gux_166,gux,437400,2,125,3,0
gux_164,gux,433800,2,125,3,0
hcg_129,hcg,331200,2,122,3,0
xgr_011,xgr,23402,1,151,3,0
sdt_092,sdt,197999,1,120,3,0
tmv_123,tmv,415799,2,124,3,0
frv_088,frv,190801,1,127,3,0
ssq_059,ssq,212401,1,120,3,0
zvv_101,zvv,217799,1,123,3,0
gux_126,gux,351000,2,131,3,0
azm_001,azm,237600,2,130,3,0
frv_087,frv,189000,1,128,3,0
djm_095,djm,205202,1,125,3,0
woz_029,woz,63000,1,135,3,0
bcf_038,bcf,82800,1,185,3,0
tmx_043,tmx,108000,1,120,3,0
rdc_057,rdc,369001,2,155,3,0
hsq_177,hsq,552601,1,117,3,0
tmv_106,tmv,352800,2,154,3,0
vni_004,vni,9001,1,125,3,0
grt_048,grt,104399,1,120,3,0
imi_102,imi,464401,2,117,3,0
eck_141,eck,414000,2,146,3,0
eck_157,eck,448200,2,142,3,0
rdc_066,rdc,388801,2,155,3,0
gux_208,gux,529200,2,122,3,0
tmx_038,tmx,97200,1,119,3,0
utl_123,utl,296999,1,121,3,0
wtz_079,wtz,284401,1,140,3,0
fmv_061,fmv,133199,1,126,3,0
meg_087,meg,311400,2,121,3,0
hsq_172,hsq,541801,1,119,3,0
hqw_160,hqw,576003,2,130,3,0
xgr_051,xgr,115202,1,119,3,0
xnq_127,xnq,457200,2,124,3,0
yry_271,yry,997194,2,120,3,0
fzw_033,fzw,264598,2,118,3,0
vgg_011,vgg,23399,1,117,3,0
tmv_104,tmv,349200,2,152,3,0
ike_091,ike,221401,2,150,3,0
iaz_131,iaz,439199,2,118,3,0
wsy_159,wsy,345599,1,130,3,0
fzw_014,fzw,95398,2,138,3,0
pcq_031,pcq,352800,2,136,3,0
tmx_035,tmx,90000,1,117,3,0
fzw_016,fzw,98998,2,139,3,0
azm_040,azm,361800,2,121,3,0
pug_283,pug,615598,1,122,3,0
vgg_027,vgg,57599,1,133,3,0
imi_082,imi,421200,2,127,3,0
zvv_093,zvv,199800,1,128,3,0
psz_095,psz,205201,2,129,3,0
rdc_077,rdc,622801,2,143,3,0
fzw_023,fzw,178200,2,137,3,0
iaz_124,iaz,401401,2,122,3,0
azm_025,azm,329400,2,129,3,0
ike_139,ike,352800,2,119,3,0
qfa_033,qfa,88200,1,129,3,0
zvv_059,zvv,125999,1,129,3,0
gux_133,gux,367201,2,135,3,0
ykj_075,ykj,165600,1,125,3,0
psz_119,psz,255600,2,139,3,0
xnq_063,xnq,318600,2,122,3,0
grt_057,grt,122399,1,128,3,0
xgr_049,xgr,111602,1,121,3,0
hcg_140,hcg,354601,2,125,3,0
zvv_108,zvv,232198,1,117,3,0
eck_144,eck,421200,2,148,3,0
dce_193,dce,694797,2,145,3,0
ijc_108,ijc,233998,1,124,3,0
woz_021,woz,45001,1,128,3,0
meg_084,meg,304200,2,120,3,0
tmv_108,tmv,383400,2,143,3,0
pug_267,pug,577800,1,118,3,0
dft_124,dft,270001,1,119,3,0
woz_044,woz,95401,1,121,3,0
dce_222,dce,799196,2,135,3,0
bcf_034,bcf,75600,1,183,3,0
psz_102,psz,219601,2,145,3,0
sdt_101,sdt,217801,1,130,3,0
ykj_083,ykj,181799,1,125,3,0
djm_091,djm,196202,1,125,3,0
erx_001,erx,1800,2,120,3,0
fzw_002,fzw,3598,2,140,3,0
imi_069,imi,392401,2,134,3,0
hsq_125,hsq,412199,1,121,3,0
rpk_010,rpk,21600,1,119,3,0
xgr_042,xgr,97202,1,131,3,0
oli_046,oli,100801,1,117,3,0
tmv_085,tmv,307799,2,127,3,0
tlc_281,tlc,608400,1,117,3,0
wtz_086,wtz,309601,1,135,3,0
dce_210,dce,755997,2,155,3,0
ijc_105,ijc,228598,1,120,3,0
hcg_141,hcg,356402,2,125,3,0
tlc_287,tlc,621001,1,120,3,0
gux_171,gux,448199,2,125,3,0
bcf_036,bcf,79199,1,184,3,0
xtd_163,xtd,351000,1,125,3,0
woz_028,woz,59400,1,134,3,0
oli_041,oli,90001,1,120,3,0
ike_134,ike,342000,2,139,3,0
ike_129,ike,323999,2,135,3,0
cti_066,cti,142199,1,122,3,0
psz_114,psz,244800,2,137,3,0
xgr_046,xgr,104402,1,126,3,0
bcf_021,bcf,46801,1,158,3,0
tmv_093,tmv,325800,2,146,3,0
sdt_093,sdt,199800,1,121,3,0
wsy_186,wsy,403202,1,120,3,0
vni_012,vni,27000,1,124,3,0
hcg_145,hcg,365402,2,124,3,0
rdc_060,rdc,376201,2,155,3,0
xnq_056,xnq,304200,2,129,3,0
djm_107,djm,230400,1,121,3,0
xgr_022,xgr,54000,1,155,3,0
gux_151,gux,405001,2,126,3,0
dce_183,dce,658797,2,130,3,0
wsy_146,wsy,316801,1,130,3,0
utl_114,utl,277200,1,125,3,0
gzl_045,gzl,351001,2,120,3,0
tmx_045,tmx,111601,1,120,3,0
erx_013,erx,34200,2,120,3,0
bcf_012,bcf,25200,1,124,3,0
hsq_173,hsq,543601,1,119,3,0
ike_102,ike,259200,2,139,3,0
hcg_149,hcg,374403,2,121,3,0
hsq_156,hsq,507600,1,127,3,0
tmx_087,tmx,216002,1,134,3,0
psz_103,psz,221402,2,144,3,0
fmv_049,fmv,107999,1,135,3,0
meg_102,meg,361800,2,117,3,0
ykj_073,ykj,160199,1,123,3,0
vgg_034,vgg,71999,1,139,3,0
ike_103,ike,261000,2,137,3,0
gmt_008,gmt,21599,2,125,3,0
utl_098,utl,239401,1,121,3,0
fmv_040,fmv,88199,1,135,3,0
azm_043,azm,369000,2,119,3,0
psz_101,psz,217801,2,145,3,0
azm_026,azm,331200,2,128,3,0
frv_093,frv,201599,1,122,3,0
psz_130,psz,280801,2,145,3,0
hqw_107,hqw,385202,2,125,3,0
wsy_197,wsy,426600,1,120,3,0
gux_281,gux,685800,2,118,3,0
gux_293,gux,714601,2,119,3,0
grt_060,grt,129601,1,126,3,0
gux_109,gux,315001,2,127,3,0
eck_130,eck,390600,2,128,3,0
djm_113,djm,243001,1,118,3,0
fzw_005,fzw,10798,2,140,3,0
imi_071,imi,397802,2,132,3,0
meg_066,meg,266401,2,120,3,0
gux_092,gux,270000,2,132,3,0
rpk_004,rpk,7200,1,125,3,0
azm_039,azm,360000,2,121,3,0
dce_192,dce,691197,2,145,3,0
fzw_018,fzw,102598,2,139,3,0
erx_016,erx,39600,2,120,3,0
ykj_080,ykj,176400,1,125,3,0
pug_287,pug,622799,1,120,3,0
fzw_004,fzw,8998,2,140,3,0
snk_041,snk,109801,1,119,3,0
gux_200,gux,511199,2,130,3,0
pvj_071,pvj,153003,1,117,3,0
dft_141,dft,306001,1,124,3,0
fmv_042,fmv,91800,1,135,3,0
wsy_178,wsy,385201,1,120,3,0
wtz_084,wtz,302401,1,135,3,0
vgg_036,vgg,77399,1,138,3,0
snk_071,snk,194401,1,122,3,0
efl_095,efl,212399,1,117,3,0
rdc_096,rdc,662400,2,122,3,0
zvv_060,zvv,129599,1,131,3,0
ykj_077,ykj,169199,1,125,3,0
zvv_058,zvv,124199,1,128,3,0
tmx_053,tmx,129602,1,120,3,0
gux_111,gux,318601,2,126,3,0
eoi_267,eoi,577801,1,117,3,0
hqw_155,hqw,558003,2,140,3,0
hsq_120,hsq,401400,1,118,3,0
ijc_117,ijc,253800,1,121,3,0
gux_217,gux,547201,2,118,3,0
zvv_056,zvv,120599,1,125,3,0
eck_158,eck,450000,2,141,3,0
efl_120,efl,266398,1,131,3,0
hfh_060,hfh,216003,1,120,3,0
pcq_034,pcq,358200,2,139,3,0
dce_209,dce,752397,2,160,3,0
vni_013,vni,28800,1,124,3,0
gux_193,gux,496800,2,130,3,0
tmv_132,tmv,435600,2,119,3,0
woz_032,woz,68399,1,133,3,0
imi_091,imi,441000,2,122,3,0
snk_064,snk,180001,1,125,3,0
hsq_170,hsq,536401,1,120,3,0
wsy_209,wsy,453600,1,125,3,0
gmt_023,gmt,53999,2,117,3,0
hsq_161,hsq,518399,1,125,3,0
wsy_206,wsy,446400,1,124,3,0
vgg_014,vgg,28799,1,119,3,0
xtd_167,xtd,360000,1,125,3,0
ijc_109,ijc,237598,1,125,3,0
zvv_089,zvv,190800,1,130,3,0
meg_055,meg,225000,2,120,3,0
fzw_020,fzw,172798,2,136,3,0
erx_005,erx,10800,2,120,3,0
zvv_053,zvv,113400,1,120,3,0
wsy_189,wsy,410401,1,120,3,0
oli_029,oli,64802,1,120,3,0
tmv_110,tmv,388800,2,139,3,0
pcq_024,pcq,115200,2,128,3,0
woz_026,woz,55800,1,133,3,0
pug_276,pug,597600,1,124,3,0
vni_024,vni,68401,1,120,3,0
imi_081,imi,419400,2,127,3,0
dce_175,dce,629997,2,125,3,0
gux_162,gux,428399,2,125,3,0
wsy_179,wsy,388802,1,120,3,0
wsy_180,wsy,390601,1,120,3,0
eck_149,eck,432000,2,150,3,0
hsq_134,hsq,431999,1,125,3,0
dce_229,dce,824396,2,125,3,0
gux_131,gux,361800,2,134,3,0
bcf_040,bcf,88200,1,184,3,0
zvv_097,zvv,208799,1,126,3,0
gux_170,gux,446400,2,125,3,0
gux_201,gux,513000,2,130,3,0
meg_099,meg,354600,2,119,3,0
frv_089,frv,192601,1,127,3,0
dce_196,dce,705597,2,145,3,0
ykj_070,ykj,154799,1,119,3,0
rdc_037,rdc,291601,2,127,3,0
vgg_025,vgg,53999,1,131,3,0
qfa_034,qfa,90000,1,128,3,0
dft_127,dft,275401,1,123,3,0
ike_086,ike,210601,2,143,3,0
rdc_054,rdc,363602,2,155,3,0
psz_093,psz,199801,2,120,3,0
eoi_255,eoi,552603,1,123,3,0
hqw_103,hqw,370802,2,125,3,0
tmx_106,tmx,270000,1,117,3,0
vgg_043,vgg,91799,1,132,3,0
imi_064,imi,381601,2,135,3,0
gux_141,gux,383402,2,131,3,0
xtd_170,xtd,367199,1,124,3,0
rdc_065,rdc,387003,2,155,3,0
tlc_288,tlc,624600,1,120,3,0
gux_140,gux,381601,2,131,3,0
hqw_110,hqw,396002,2,125,3,0
snk_057,snk,163800,1,125,3,0
wsy_235,wsy,509401,1,130,3,0
bcf_041,bcf,90000,1,184,3,0
grt_063,grt,136799,1,124,3,0
tmx_105,tmx,268201,1,118,3,0
vgg_015,vgg,32399,1,121,3,0
wsy_175,wsy,379801,1,122,3,0
eoi_238,eoi,514802,1,118,3,0
meg_042,meg,189000,2,123,3,0
meg_045,meg,194400,2,124,3,0
pcq_050,pcq,399600,2,150,3,0
utl_121,utl,293401,1,122,3,0
azm_012,azm,270000,2,138,3,0
iaz_123,iaz,399601,2,121,3,0
gux_110,gux,316801,2,126,3,0
pcq_027,pcq,120600,2,133,3,0
djm_093,djm,199802,1,125,3,0
bcf_033,bcf,72001,1,182,3,0
wtz_089,wtz,320401,1,135,3,0
eck_138,eck,406800,2,143,3,0
grt_062,grt,133199,1,125,3,0
ssq_058,ssq,208801,1,120,3,0
fzw_030,fzw,259198,2,119,3,0
xgr_023,xgr,55801,1,155,3,0
zvv_090,zvv,194400,1,130,3,0
erx_010,erx,27000,2,120,3,0
qfa_030,qfa,81000,1,129,3,0
meg_041,meg,185400,2,122,3,0
tmx_100,tmx,257400,1,123,3,0
woz_037,woz,79199,1,131,3,0
dft_138,dft,298801,1,125,3,0
psz_138,psz,297001,2,149,3,0
wsy_192,wsy,415801,1,120,3,0
eck_169,eck,480600,2,120,3,0
psz_140,psz,302401,2,150,3,0
djm_094,djm,201602,1,125,3,0
xgr_001,xgr,1801,1,138,3,0
azm_038,azm,358200,2,122,3,0
zvv_084,zvv,180000,1,133,3,0
wsy_157,wsy,340200,1,131,3,0
wsy_166,wsy,360000,1,126,3,0
oli_040,oli,88200,1,120,3,0
hqw_119,hqw,428402,2,120,3,0
djm_104,djm,223202,1,123,3,0
bcf_017,bcf,37801,1,144,3,0
ike_128,ike,315001,2,128,3,0
pug_275,pug,595801,1,123,3,0
hsq_163,hsq,522000,1,124,3,0
vni_014,vni,30601,1,123,3,0
pcq_026,pcq,118800,2,131,3,0
xnq_038,xnq,264600,2,120,3,0
gux_174,gux,455401,2,126,3,0
oli_027,oli,59402,1,120,3,0
sdt_110,sdt,237601,1,129,3,0
pug_291,pug,631799,1,118,3,0
tmv_101,tmv,342000,2,149,3,0
gux_172,gux,450001,2,125,3,0
wsy_258,wsy,558002,1,120,3,0
hqw_157,hqw,565203,2,130,3,0
sdt_095,sdt,205202,1,125,3,0
gux_203,gux,518401,2,125,3,0
ike_104,ike,262800,2,135,3,0
vni_016,vni,36000,1,122,3,0
pcq_029,pcq,126000,2,138,3,0
gux_216,gux,545402,2,119,3,0
bcf_048,bcf,104400,1,180,3,0
xtd_175,xtd,377999,1,119,3,0
erx_014,erx,36000,2,120,3,0
xnq_125,xnq,453600,2,125,3,0
rdc_050,rdc,354601,2,155,3,0
imi_080,imi,415800,2,128,3,0
sdt_121,sdt,261000,1,121,3,0
tmv_105,tmv,351000,2,153,3,0
sdt_100,sdt,216002,1,130,3,0
utl_113,utl,275400,1,125,3,0
gux_135,gux,370801,2,134,3,0
snk_066,snk,183601,1,125,3,0
tmx_067,tmx,172801,1,124,3,0
rpk_006,rpk,12600,1,123,3,0
hsq_123,hsq,406800,1,120,3,0
utl_111,utl,271800,1,125,3,0
efl_118,efl,261000,1,135,3,0
dce_215,dce,773996,2,155,3,0
pvj_075,pvj,162001,1,120,3,0
qfa_026,qfa,73800,1,126,3,0
gux_083,gux,198001,2,125,3,0
wsy_163,wsy,352800,1,128,3,0
xnq_059,xnq,309600,2,126,3,0
sdt_111,sdt,239402,1,129,3,0
hqw_109,hqw,392402,2,125,3,0
gux_205,gux,521999,2,124,3,0
rdc_061,rdc,378002,2,155,3,0
dft_140,dft,304202,1,124,3,0
woz_035,woz,75599,1,132,3,0
psz_156,psz,336600,2,136,3,0
gux_094,gux,273600,2,131,3,0
ijc_120,ijc,260999,1,119,3,0
tmx_086,tmx,214202,1,134,3,0
xnq_121,xnq,444600,2,119,3,0
tmx_085,tmx,212402,1,135,3,0
vgg_038,vgg,81001,1,137,3,0
erx_018,erx,163800,2,117,3,1
woz_031,woz,66599,1,134,3,1
rpk_013,rpk,27000,1,117,3,1
snk_055,snk,160200,1,125,3,1
xnq_041,xnq,271800,2,117,3,1
dce_179,dce,644397,2,125,3,1
wsy_222,wsy,480602,1,130,3,1
vgg_047,vgg,100799,1,126,3,1
tmv_082,tmv,302400,2,121,3,1
iag_129,iag,280800,1,120,3,1
eck_166,eck,475199,2,124,3,1
wtz_081,wtz,291601,1,140,3,1
frv_101,frv,219599,1,117,3,1
vni_030,vni,81000,1,117,3,1
utl_118,utl,286200,1,123,3,1
ike_107,ike,269999,2,126,3,1
djm_087,djm,187202,1,123,3,1
zvv_057,zvv,122399,1,126,3,1
rpk_002,rpk,3600,1,125,3,1
ijc_123,ijc,266399,1,118,3,1
wsy_150,wsy,325802,1,134,3,1
sdt_097,sdt,208801,1,128,3,1
dft_131,dft,284400,1,125,3,1
wsy_160,wsy,347401,1,129,3,1
gux_080,gux,190801,2,118,3,1
pcq_043,pcq,378000,2,146,3,1
gux_204,gux,520200,2,124,3,1
pug_289,pug,628200,1,119,3,1
tmx_096,tmx,248401,1,126,3,1
imi_072,imi,399601,2,132,3,1
xtd_162,xtd,349200,1,125,3,1
gux_188,gux,486002,2,130,3,1
imi_077,imi,410400,2,129,3,1
ojw_098,ojw,212399,1,119,3,1
pcq_037,pcq,365400,2,142,3,1
wtz_080,wtz,288001,1,140,3,1
djm_115,djm,248400,1,117,3,1
pcq_033,pcq,356400,2,138,3,1
tmx_034,tmx,88200,1,117,3,1
brm_022,brm,255601,2,117,3,1
vgg_022,vgg,46801,1,128,3,1
vgg_029,vgg,61199,1,134,3,1
gux_175,gux,457200,2,126,3,1
woz_038,woz,81000,1,130,3,1
snk_038,snk,104401,1,117,3,1
utl_110,utl,270000,1,125,3,1
rdc_049,rdc,352801,2,155,3,1
pug_271,pug,586800,1,121,3,1
pvj_077,pvj,165601,1,119,3,1
xgr_024,xgr,57600,1,155,3,1
ykj_087,ykj,190799,1,122,3,1
gux_116,gux,329400,2,126,3,1
fzw_029,fzw,192598,2,140,3,1
imi_065,imi,383402,2,135,3,1
fzw_015,fzw,97198,2,138,3,1
pug_280,pug,606600,1,124,3,1
gmt_021,gmt,48599,2,119,3,1
fzw_000,fzw,0,2,140,3,1
ojw_101,ojw,217799,1,117,3,1
gux_291,gux,709201,2,120,3,1
xtd_176,xtd,379798,1,118,3,1
ike_108,ike,271800,2,124,3,1
vni_001,vni,3600,1,125,3,1
pcq_044,pcq,379800,2,147,3,1
psz_129,psz,277201,2,144,3,1
efl_111,efl,246600,1,140,3,1
meg_078,meg,291598,2,120,3,1
hsq_121,hsq,403200,1,119,3,1
xgr_004,xgr,7200,1,141,3,1
oli_034,oli,75602,1,120,3,1
utl_105,utl,259199,1,125,3,1
azm_017,azm,280800,2,140,3,1
fpc_012,fpc,178199,2,125,3,1
bcf_018,bcf,39603,1,147,3,1
hqw_150,hqw,540003,2,130,3,1
psz_134,psz,288001,2,147,3,1
ykj_074,ykj,161999,1,124,3,1
pug_288,pug,626399,1,120,3,1
dft_155,dft,336600,1,117,3,1
xtd_153,xtd,329400,1,122,3,1
eck_131,eck,392400,2,129,3,1
ssq_055,ssq,198001,1,120,3,1
bcf_055,bcf,120601,1,140,3,1
meg_056,meg,226800,2,120,3,1
gux_178,gux,464401,2,128,3,1
pug_292,pug,633599,1,118,3,1
psz_139,psz,298801,2,149,3,1
hsq_148,hsq,489600,1,130,3,1
hcg_143,hcg,361802,2,124,3,1
tmx_097,tmx,250201,1,126,3,1
eoi_263,eoi,568803,1,121,3,1
qfa_028,qfa,77400,1,128,3,1
dft_150,dft,325800,1,119,3,1
cti_083,cti,178200,1,117,3,1
hsq_128,hsq,417600,1,122,3,1
snk_046,snk,140400,1,125,3,1
imi_056,imi,365401,2,135,3,1
psz_123,psz,264600,2,141,3,1
vgg_024,vgg,50399,1,129,3,1
ike_130,ike,325800,2,136,3,1
gux_104,gux,295200,2,130,3,1
tlc_283,tlc,613800,1,118,3,1
dce_178,dce,640797,2,125,3,1
xgr_009,xgr,18002,1,149,3,1
vni_021,vni,61201,1,120,3,1
snk_039,snk,106201,1,118,3,1
azm_010,azm,255600,2,134,3,1
djm_111,djm,239400,1,119,3,1
qfa_029,qfa,79200,1,128,3,1
psz_098,psz,210601,2,138,3,1
dce_198,dce,712797,2,155,3,1
tmx_095,tmx,246600,1,127,3,1
hcg_130,hcg,333003,2,123,3,1
hsq_140,hsq,471601,1,130,3,1
azm_042,azm,367200,2,120,3,1
azm_041,azm,363600,2,121,3,1
snk_051,snk,151200,1,125,3,1
zvv_088,zvv,189000,1,131,3,1
hsq_135,hsq,433800,1,126,3,1
hqw_159,hqw,572403,2,130,3,1
vgg_030,vgg,64799,1,136,3,1
grt_055,grt,118799,1,129,3,1
meg_051,meg,215999,2,121,3,1
snk_065,snk,181801,1,125,3,1
bcf_011,bcf,23401,1,121,3,1
zvv_066,zvv,142199,1,137,3,1
cti_076,cti,163801,1,122,3,1
hfh_066,hfh,237603,1,120,3,1
pcq_021,pcq,108000,2,122,3,1
xgr_005,xgr,10802,1,144,3,1
hsq_137,hsq,437399,1,127,3,1
sdt_113,sdt,243001,1,128,3,1
gux_183,gux,475201,2,130,3,1
wsy_252,wsy,545400,1,123,3,1
psz_105,psz,226802,2,141,3,1
gzl_042,gzl,345601,2,120,3,1
meg_086,meg,309600,2,121,3,1
imi_068,imi,390601,2,134,3,1
rdc_089,rdc,648003,2,139,3,1
eck_164,eck,464400,2,132,3,1
wsy_248,wsy,536400,1,125,3,1
utl_100,utl,243001,1,122,3,1
wsy_228,wsy,493201,1,130,3,1
zvv_107,zvv,230399,1,117,3,1
woz_033,woz,70199,1,133,3,1
fmv_053,fmv,115199,1,133,3,1
cti_068,cti,145799,1,123,3,1
eoi_247,eoi,534603,1,120,3,1
wsy_219,wsy,475202,1,130,3,1
imi_097,imi,453601,2,119,3,1
rdc_085,rdc,639001,2,145,3,1
tmx_049,tmx,120602,1,120,3,1
imi_083,imi,423000,2,126,3,1
hsq_133,hsq,428400,1,125,3,1
wtz_092,wtz,331201,1,130,3,1
dce_211,dce,759597,2,155,3,1
gux_093,gux,271799,2,132,3,1
eoi_260,eoi,563403,1,123,3,1
utl_128,utl,307801,1,117,3,1
rdc_044,rdc,306000,2,134,3,1
wsy_168,wsy,363601,1,125,3,1
zvv_092,zvv,198000,1,129,3,1
wsy_232,wsy,502201,1,130,3,1
erx_003,erx,5400,2,120,3,1
hqw_161,hqw,579603,2,130,3,1
snk_050,snk,149400,1,125,3,1
meg_083,meg,302400,2,120,3,1
wtz_094,wtz,338401,1,130,3,1
zvv_072,zvv,154798,1,139,3,1
snk_073,snk,199801,1,119,3,1
qfa_031,qfa,84600,1,130,3,1
ike_088,ike,216000,2,150,3,1
gux_089,gux,210601,2,140,3,1
sdt_107,sdt,230402,1,130,3,1
imi_074,imi,403202,2,131,3,1
kqu_208,kqu,450000,1,120,3,1
psz_100,psz,216001,2,145,3,1
djm_102,djm,219602,1,124,3,1
hqw_154,hqw,554403,2,140,3,1
hsq_131,hsq,424800,1,124,3,1
imi_059,imi,370800,2,135,3,1
vni_010,vni,21600,1,125,3,1
efl_106,efl,235800,1,140,3,1
imi_058,imi,369000,2,135,3,1
fzw_011,fzw,88198,2,136,3,1
eck_170,eck,482400,2,118,3,1
wsy_165,wsy,358200,1,127,3,1
frv_082,frv,178201,1,123,3,1
bcf_042,bcf,91802,1,183,3,1
azm_011,azm,259200,2,135,3,1
eck_147,eck,426600,2,149,3,1
azm_007,azm,250200,2,133,3,1
wsy_141,wsy,306002,1,120,3,1
wsy_237,wsy,513000,1,130,3,1
tmx_066,tmx,171001,1,123,3,1
bcf_030,bcf,66601,1,181,3,1
wsy_154,wsy,334800,1,132,3,1
tmv_112,tmv,392400,2,137,3,1
tmv_107,tmv,356400,2,155,3,1
psz_125,psz,270000,2,143,3,1
sdt_112,sdt,241201,1,128,3,1
dce_176,dce,633597,2,125,3,1
tmx_041,tmx,104401,1,120,3,1
dft_133,dft,288001,1,125,3,1
wtz_078,wtz,280801,1,140,3,1
hsq_138,hsq,468001,1,130,3,1
cti_073,cti,156599,1,123,3,1
wtz_096,wtz,345601,1,120,3,1
vni_023,vni,64800,1,120,3,1
vgg_035,vgg,75599,1,139,3,1
hfh_069,hfh,248403,1,120,3,1
psz_127,psz,273600,2,144,3,1
wsy_213,wsy,460800,1,127,3,1
fmv_047,fmv,102599,1,135,3,1
meg_080,meg,297000,2,120,3,1
gux_198,gux,507600,2,130,3,1
bcf_024,bcf,54002,1,168,3,1
iiz_201,iiz,435600,1,119,3,1
jht_113,jht,329399,2,130,3,1
fmv_057,fmv,124199,1,131,3,1
vgg_021,vgg,45001,1,127,3,1
hsq_126,hsq,413999,1,121,3,1
gux_145,gux,392401,2,129,3,1
psz_112,psz,241200,2,136,3,1
fzw_025,fzw,183597,2,138,3,1
zvv_070,zvv,151200,1,140,3,1
hsq_160,hsq,514800,1,125,3,1
eck_152,eck,437400,2,147,3,1
hfh_064,hfh,230403,1,120,3,1
meg_047,meg,199799,2,125,3,1
hsq_168,hsq,532801,1,121,3,1
psz_146,psz,315001,2,147,3,1
sdt_094,sdt,203401,1,124,3,1
vgg_053,vgg,113399,1,117,3,1
azm_022,azm,291600,2,137,3,1
pug_273,pug,590401,1,122,3,1
meg_039,meg,181800,2,121,3,1
meg_072,meg,278999,2,120,3,1
rdc_067,rdc,390601,2,155,3,1
vgg_052,vgg,111599,1,119,3,1
psz_141,psz,304201,2,150,3,1
utl_127,utl,306001,1,117,3,1
snk_042,snk,113401,1,121,3,1
woz_036,woz,77399,1,131,3,1
bcf_029,bcf,64801,1,180,3,1
gux_280,gux,684000,2,117,3,1
hcg_152,hcg,381602,2,120,3,1
gux_207,gux,525600,2,123,3,1
ssq_056,ssq,201601,1,120,3,1
tmv_125,tmv,421200,2,122,3,1
gux_202,gux,514800,2,129,3,1
wtz_098,wtz,352801,1,120,3,1
wsy_140,wsy,304201,1,118,3,1
fmv_030,fmv,70199,1,118,3,1
utl_103,utl,253799,1,124,3,1
pcq_047,pcq,394199,2,150,3,1
fmv_051,fmv,111599,1,134,3,1
pug_282,pug,610201,1,123,3,1
gux_125,gux,349200,2,131,3,1
efl_124,efl,273599,1,126,3,1
grt_056,grt,120599,1,128,3,1
hsq_158,hsq,511200,1,126,3,1
dft_134,dft,291601,1,125,3,1
gux_114,gux,325800,2,126,3,1
pcq_030,pcq,127800,2,139,3,1
tmx_036,tmx,93601,1,118,3,1
dce_190,dce,683997,2,135,3,1
gux_212,gux,536401,2,121,3,1
azm_028,azm,336600,2,127,3,1
fmv_032,fmv,73799,1,123,3,1
wsy_247,wsy,534599,1,126,3,1
rpk_009,rpk,18000,1,121,3,1
djm_116,djm,250201,1,117,3,1
tlc_294,tlc,637198,1,117,3,1
dce_201,dce,723597,2,155,3,1
gzl_048,gzl,358201,2,119,3,1
gux_215,gux,543601,2,119,3,1
tmx_042,tmx,106200,1,120,3,1
zvv_051,zvv,109801,1,118,3,1
ykj_079,ykj,172800,1,125,3,1
ijc_107,ijc,232198,1,123,3,1
gzl_049,gzl,360001,2,118,3,1
gux_196,gux,502200,2,130,3,1
fzw_028,fzw,188998,2,139,3,1
eoi_259,eoi,561602,1,124,3,1
frv_099,frv,214199,1,118,3,1
sdt_118,sdt,253800,1,125,3,1
wsy_265,wsy,574201,1,117,3,1
tmx_103,tmx,262800,1,121,3,1
imi_057,imi,367201,2,135,3,1
iag_130,iag,282599,1,119,3,1
rdc_051,rdc,356402,2,155,3,1
tmx_078,tmx,196200,1,135,3,1
eoi_262,eoi,567002,1,122,3,1
meg_076,meg,288000,2,120,3,1
eck_134,eck,399600,2,136,3,1
pcq_041,pcq,374400,2,146,3,1
tmx_055,tmx,133202,1,120,3,1
xtd_161,xtd,347400,1,125,3,1
hsq_157,hsq,509399,1,127,3,1
vni_006,vni,14401,1,125,3,1
gux_150,gux,403201,2,126,3,1
azm_024,azm,327600,2,129,3,1
snk_044,snk,127801,1,125,3,1
djm_105,djm,226801,1,122,3,1
pcq_055,pcq,410400,2,124,3,1
tmx_056,tmx,136802,1,120,3,1
zvv_099,zvv,212398,1,125,3,1
woz_045,woz,97201,1,120,3,1
fzw_008,fzw,16198,2,140,3,1
kqu_206,kqu,446401,1,119,3,1
djm_100,djm,216002,1,125,3,1
gux_181,gux,469801,2,129,3,1
fmv_059,fmv,129599,1,129,3,1
ykj_082,ykj,179999,1,125,3,1
efl_112,efl,248400,1,140,3,1
hsq_144,hsq,480601,1,130,3,1
rdc_056,rdc,367201,2,155,3,1
imi_086,imi,430200,2,125,3,1
pug_270,pug,585000,1,121,3,1
gux_136,gux,372601,2,134,3,1
eoi_243,eoi,525603,1,120,3,1
rdc_084,rdc,637201,2,145,3,1
djm_103,djm,221402,1,123,3,1
xgr_037,xgr,86401,1,139,3,1
wtz_091,wtz,327601,1,130,3,1
gux_295,gux,718201,2,119,3,1
efl_129,efl,284398,1,119,3,1
ike_085,ike,208801,2,140,3,1
frv_091,frv,197998,1,124,3,1
wtz_082,wtz,295201,1,140,3,1
azm_047,azm,378000,2,117,3,1
tmx_084,tmx,208802,1,135,3,1
ike_135,ike,345600,2,138,3,1
brm_020,brm,250201,2,118,3,1
fmv_063,fmv,136799,1,124,3,1
snk_054,snk,158400,1,125,3,1
fzw_019,fzw,106197,2,140,3,1
gux_180,gux,468001,2,129,3,1
eoi_250,eoi,541802,1,121,3,1
eck_162,eck,459000,2,136,3,1
djm_082,djm,176401,1,118,3,1
rdc_047,rdc,347400,2,154,3,1
imi_099,imi,457200,2,119,3,1
imi_055,imi,361801,2,134,3,1
xgr_050,xgr,113403,1,120,3,1
wtz_097,wtz,349201,1,120,3,1
xgr_017,xgr,45002,1,155,3,1
cti_065,cti,140399,1,121,3,1
psz_150,psz,324000,2,140,3,1
tmv_098,tmv,336600,2,148,3,1
gux_128,gux,356400,2,133,3,1
gux_142,gux,385201,2,131,3,1
bcf_026,bcf,57601,1,173,3,1
psz_117,psz,252002,2,139,3,1
tmx_044,tmx,109801,1,120,3,1
tmv_090,tmv,318600,2,140,3,1
psz_135,psz,291600,2,148,3,1
fmv_041,fmv,90000,1,135,3,1
wtz_090,wtz,324001,1,130,3,1
xtd_151,xtd,325801,1,121,3,1
tmv_096,tmv,331200,2,147,3,1
wsy_195,wsy,422999,1,120,3,1
hsq_143,hsq,478801,1,130,3,1
oli_036,oli,79202,1,120,3,1
meg_088,meg,313200,2,121,3,1
grt_052,grt,111598,1,128,3,1
gmt_005,gmt,10800,2,123,3,1
dce_224,dce,806396,2,135,3,1
gux_173,gux,453601,2,125,3,1
gmt_018,gmt,43199,2,120,3,1
wsy_173,wsy,374402,1,123,3,1
rdc_041,rdc,300601,2,131,3,1
hqw_118,hqw,424802,2,120,3,1
pcq_045,pcq,383399,2,148,3,1
hsq_151,hsq,496799,1,130,3,1
ike_124,ike,306000,2,119,3,1
xgr_033,xgr,77400,1,145,3,1
wsy_147,wsy,318601,1,132,3,1
wsy_188,wsy,406802,1,120,3,1
hfh_063,hfh,226803,1,120,3,1
gux_121,gux,340200,2,129,3,1
tmx_039,tmx,99001,1,119,3,1
azm_032,azm,345600,2,125,3,1
tmv_102,tmv,345600,2,150,3,1
pvj_073,pvj,156601,1,118,3,1
cti_069,cti,147599,1,124,3,1
hsq_147,hsq,487800,1,130,3,1
azm_037,azm,356400,2,122,3,1
psz_133,psz,286203,2,146,3,1
grt_054,grt,116999,1,129,3,1
gux_297,gux,723603,2,117,3,1
tmx_089,tmx,219602,1,133,3,1
erx_008,erx,23400,2,120,3,1
gux_155,gux,414000,2,125,3,1
snk_049,snk,147600,1,125,3,1
gux_149,gux,401401,2,127,3,1
zvv_080,zvv,172801,1,135,3,1
grt_053,grt,115199,1,130,3,1
ykj_092,ykj,201601,1,117,3,1
djm_097,djm,208802,1,125,3,1
meg_098,meg,352800,2,119,3,1
vgg_046,vgg,98999,1,127,3,1
dce_231,dce,831596,2,125,3,1
vni_025,vni,70200,1,119,3,1
gmt_003,gmt,5401,2,121,3,1
tmv_083,tmv,304199,2,123,3,1
brm_021,brm,253800,2,117,3,1
fmv_062,fmv,134999,1,125,3,1
psz_104,psz,223201,2,143,3,1
imi_094,imi,446400,2,121,3,1
dce_169,dce,608397,2,120,3,1
oli_033,oli,72002,1,120,3,1
rdc_027,rdc,270000,2,117,3,1
tmv_130,tmv,432000,2,120,3,1
xnq_053,xnq,297000,2,126,3,1
imi_070,imi,394201,2,133,3,1
psz_132,psz,284401,2,146,3,1
eoi_254,eoi,550802,1,123,3,1
wsy_162,wsy,351000,1,128,3,1
hqw_152,hqw,547203,2,130,3,1
psz_142,psz,306000,2,150,3,1
tmx_077,tmx,194400,1,135,3,1
tmv_091,tmv,320400,2,142,3,1
hqw_158,hqw,568803,2,130,3,1
xgr_041,xgr,93600,1,134,3,1
meg_085,meg,307800,2,120,3,1
oli_038,oli,82802,1,120,3,1
eoi_258,eoi,558003,1,125,3,1
rdc_033,rdc,282603,2,123,3,1
tmx_102,tmx,261000,1,122,3,1
xtd_172,xtd,370799,1,122,3,1
psz_143,psz,307801,2,150,3,1
dce_170,dce,611997,2,120,3,1
xgr_026,xgr,61201,1,155,3,1
azm_029,azm,338400,2,126,3,1
sdt_103,sdt,221403,1,130,3,1
ojw_096,ojw,206999,1,118,3,1
meg_040,meg,183600,2,121,3,1
meg_096,meg,347400,2,121,3,1
ike_087,ike,212401,2,146,3,1
frv_079,frv,171000,1,117,3,1
kqu_215,kqu,466202,1,117,3,1
cti_078,cti,167400,1,121,3,1
wsy_238,wsy,514799,1,130,3,1
vni_022,vni,63000,1,120,3,1
zvv_074,zvv,158399,1,138,3,1
utl_124,utl,298799,1,120,3,1
oli_045,oli,99000,1,118,3,1
jht_111,jht,325800,2,127,3,1
zvv_069,zvv,147599,1,139,3,1
gux_214,gux,541801,2,119,3,1
fmv_048,fmv,104399,1,135,3,1
meg_090,meg,318599,2,123,3,1
hcg_133,hcg,340201,2,125,3,1
efl_119,efl,262800,1,134,3,1
frv_096,frv,208799,1,120,3,1
tmv_133,tmv,437400,2,119,3,1
wsy_208,wsy,450000,1,125,3,1
ike_080,ike,198001,2,122,3,1
tmx_059,tmx,151202,1,120,3,1
rpk_007,rpk,14400,1,122,3,1
gux_120,gux,338402,2,129,3,1
eoi_257,eoi,556202,1,124,3,1
imi_088,imi,433799,2,124,3,1
tmx_048,tmx,118802,1,120,3,1
dce_200,dce,719997,2,155,3,1
ike_127,ike,313201,2,126,3,1
djm_109,djm,234001,1,120,3,1
rdc_030,rdc,277201,2,120,3,1
hsq_174,hsq,545401,1,118,3,1
gux_176,gux,459001,2,126,3,1
hcg_153,hcg,383404,2,119,3,1
rdc_088,rdc,646201,2,141,3,1
xnq_134,xnq,471600,2,121,3,1
efl_098,efl,217798,1,123,3,1
tmv_121,tmv,412200,2,124,3,1
dce_218,dce,784796,2,145,3,1
hfh_071,hfh,255603,1,120,3,1
meg_103,meg,363599,2,117,3,1
dce_182,dce,655197,2,130,3,1
zvv_091,zvv,196201,1,129,3,1
tmx_040,tmx,100801,1,120,3,1
rdc_074,rdc,615600,2,141,3,1
tmv_087,tmv,313200,2,134,3,1
rdc_034,rdc,284402,2,124,3,1
bcf_054,bcf,118801,1,145,3,1
tmx_060,tmx,153002,1,120,3,1
pcq_040,pcq,372600,2,145,3,1
psz_148,psz,318601,2,144,3,1
gux_218,gux,550801,2,117,3,1
qfa_019,qfa,57599,1,118,3,1
gmt_015,gmt,35998,2,121,3,1
vni_003,vni,7201,1,125,3,1
fzw_013,fzw,91799,2,137,3,1
vgg_012,vgg,25199,1,118,3,1
psz_136,psz,293401,2,148,3,1
xnq_120,xnq,442800,2,118,3,1
erx_007,erx,21599,2,120,3,1
azm_015,azm,275399,2,139,3,1
pcq_035,pcq,361800,2,140,3,1
gux_148,gux,399601,2,127,3,1
dce_227,dce,817196,2,135,3,1
qfa_025,qfa,70198,1,124,3,1
rdc_073,rdc,613801,2,141,3,1
xnq_129,xnq,460800,2,123,3,1
snk_072,snk,196201,1,121,3,1
wsy_234,wsy,507601,1,130,3,1
eck_167,eck,477000,2,123,3,1
pcq_049,pcq,397800,2,150,3,1
zvv_094,zvv,201603,1,128,3,1
rdc_040,rdc,298804,2,130,3,1
tmv_097,tmv,334800,2,148,3,1
vgg_051,vgg,109799,1,120,3,1
ijc_122,ijc,264599,1,118,3,1
gux_190,gux,489601,2,130,3,1
eck_146,eck,424800,2,149,3,1
wsy_245,wsy,531000,1,127,3,1
hsq_136,hsq,435600,1,126,3,1
pug_281,pug,608400,1,124,3,1
ike_105,ike,264600,2,133,3,1
meg_054,meg,223200,2,120,3,1
cti_063,cti,134999,1,118,3,1
xtd_150,xtd,324000,1,120,3,1
pcq_018,pcq,102600,2,118,3,1
hsq_169,hsq,534601,1,121,3,1
rdc_068,rdc,392400,2,155,3,1
dft_139,dft,302401,1,125,3,1
zvv_106,zvv,228599,1,118,3,1
rdc_043,rdc,304202,2,133,3,1
dce_180,dce,647997,2,130,3,1
xtd_157,xtd,338400,1,124,3,1
xnq_035,xnq,259200,2,120,3,1
wsy_261,wsy,565201,1,119,3,1
gux_192,gux,493200,2,130,3,1
woz_027,woz,57600,1,133,3,1
oli_024,oli,54002,1,120,3,1
wsy_155,wsy,336600,1,132,3,1
wsy_203,wsy,439200,1,122,3,1
cti_072,cti,154798,1,124,3,1
pvj_076,pvj,163802,1,119,3,1
hsq_145,hsq,482401,1,130,3,1
frv_084,frv,181800,1,127,3,1
wsy_221,wsy,478801,1,130,3,1
psz_145,psz,313201,2,149,3,1
eoi_241,eoi,522001,1,120,3,1
dft_125,dft,271802,1,120,3,1
ike_136,ike,347400,2,133,3,1
rpk_003,rpk,5400,1,125,3,1
rdc_078,rdc,624601,2,143,3,1
meg_075,meg,286200,2,120,3,1
xnq_055,xnq,302400,2,130,3,1
zvv_100,zvv,215999,1,124,3,1
xtd_160,xtd,345601,1,125,3,1
zvv_085,zvv,183600,1,132,3,1
eck_139,eck,410400,2,145,3,1
efl_101,efl,225000,1,132,3,1
fmv_035,fmv,79200,1,129,3,1
gzl_051,gzl,365401,2,117,3,1
psz_144,psz,309601,2,150,3,1
gux_167,gux,439200,2,125,3,1
erx_006,erx,12600,2,120,3,1
ike_089,ike,217800,2,150,3,1
xtd_154,xtd,331201,1,122,3,1
yry_272,yry,1000794,2,120,3,1
brm_017,brm,244801,2,119,3,1
rdc_032,rdc,280801,2,122,3,1
cti_075,cti,162000,1,122,3,1
pcq_051,pcq,401400,2,150,3,1
meg_064,meg,261000,2,120,3,1
tmx_061,tmx,160200,1,120,3,1
ykj_071,ykj,156599,1,120,3,1
gmt_001,gmt,1800,2,121,3,1
meg_094,meg,333000,2,125,3,1
zvv_079,zvv,169200,1,135,3,1
pug_272,pug,588600,1,122,3,1
dce_188,dce,676797,2,135,3,1
eoi_246,eoi,532804,1,120,3,1
dft_128,dft,277202,1,124,3,1
dce_206,dce,741597,2,160,3,1
ike_081,ike,199801,2,125,3,1
meg_071,meg,277200,2,120,3,1
iaz_129,iaz,433800,2,121,3,1
djm_106,djm,228600,1,122,3,1
bcf_049,bcf,108001,1,175,3,1
oli_030,oli,66602,1,120,3,1
utl_126,utl,304201,1,118,3,1
rpk_011,rpk,23400,1,118,3,1
woz_012,woz,25200,1,118,3,1
xtd_159,xtd,342000,1,125,3,1
tmv_080,tmv,297000,2,118,3,1
rdc_087,rdc,644402,2,144,3,1
xgr_019,xgr,48602,1,155,3,1
gux_086,gux,205201,2,134,3,1
tlc_285,tlc,617401,1,119,3,1
gmt_011,gmt,26999,2,124,3,1
gzl_046,gzl,354601,2,120,3,1
gux_108,gux,313201,2,127,3,1
xgr_020,xgr,50402,1,155,3,1
gux_105,gux,297001,2,130,3,1
azm_023,azm,325800,2,129,3,1
rdc_079,rdc,626401,2,144,3,1
utl_097,utl,237601,1,120,3,1
snk_052,snk,153000,1,125,3,1
iaz_126,iaz,417600,2,124,3,1
efl_102,efl,226800,1,134,3,1
dft_132,dft,286200,1,125,3,1
ykj_089,ykj,194399,1,121,3,1
vni_017,vni,46802,1,120,3,1
ykj_078,ykj,170999,1,125,3,1
fmv_058,fmv,125999,1,130,3,1
wsy_172,wsy,372601,1,123,3,1
bcf_019,bcf,43201,1,153,3,1
meg_079,meg,293399,2,120,3,1
meg_059,meg,234000,2,120,3,1
xtd_166,xtd,358201,1,125,3,1
rdc_048,rdc,349199,2,154,3,1
xnq_128,xnq,459000,2,124,3,1
pcq_036,pcq,363600,2,141,3,1
gux_139,gux,379801,2,132,3,1
wsy_264,wsy,572402,1,117,3,1
meg_050,meg,214200,2,121,3,1
cti_079,cti,169200,1,120,3,1
wsy_161,wsy,349200,1,129,3,1
gux_157,gux,417600,2,125,3,1
hsq_130,hsq,422999,1,123,3,1
zvv_086,zvv,185400,1,132,3,1
kqu_207,kqu,448199,1,119,3,1
gzl_037,gzl,334801,2,120,3,1
owg_002,owg,3600,2,119,3,1
tmv_089,tmv,316800,2,138,3,1
tmx_107,tmx,271801,1,117,3,1
efl_126,efl,278998,1,122,3,1
xtd_155,xtd,334801,1,123,3,1
ike_082,ike,201601,2,128,3,1
hsq_171,hsq,540001,1,120,3,1
gzl_047,gzl,356401,2,119,3,1
azm_002,azm,239400,2,131,3,1
azm_036,azm,352800,2,123,3,1
fzw_003,fzw,5398,2,140,3,1
tmv_081,tmv,298800,2,119,3,1
zvv_078,zvv,167401,1,136,3,1
utl_109,utl,266400,1,125,3,1
pcq_042,pcq,376200,2,146,3,1
pvj_079,pvj,169202,1,118,3,1
zvv_061,zvv,131399,1,132,3,1
ike_101,ike,255600,2,141,3,1
imi_060,imi,372601,2,135,3,1
eoi_240,eoi,520201,1,120,3,1
meg_089,meg,315000,2,122,3,1
wtz_088,wtz,316801,1,135,3,1
pcq_052,pcq,405000,2,141,3,1
djm_108,djm,232202,1,121,3,1
ijc_118,ijc,255599,1,120,3,1
meg_100,meg,356400,2,119,3,1
vgg_023,vgg,48599,1,128,3,1
hsq_164,hsq,523800,1,123,3,1
xgr_006,xgr,12602,1,145,3,1
tmv_099,tmv,338400,2,149,3,1
efl_104,efl,230400,1,138,3,1
efl_108,efl,239400,1,140,3,1
rpk_012,rpk,25200,1,117,3,1
pcq_022,pcq,109800,2,123,3,1
eoi_265,eoi,574200,1,118,3,1
djm_086,djm,185402,1,122,3,1
sdt_098,sdt,210601,1,129,3,1
azm_031,azm,342000,2,126,3,1
wsy_205,wsy,444600,1,123,3,1
hqw_114,hqw,410402,2,120,3,1
hsq_110,hsq,352800,1,117,3,1
zvv_062,zvv,133201,1,133,3,1
meg_095,meg,345600,2,121,3,1
fmv_055,fmv,120599,1,132,3,1
rdc_064,rdc,385201,2,155,3,1
gux_213,gux,540001,2,120,3,1
meg_043,meg,190800,2,123,3,1
wsy_242,wsy,523801,1,128,3,1
woz_039,woz,84599,1,129,3,1
tmx_079,tmx,198000,1,135,3,1
wsy_149,wsy,324001,1,135,3,1
psz_113,psz,243000,2,136,3,1
woz_041,woz,88199,1,126,3,1
fmv_039,fmv,86401,1,135,3,1
gux_081,gux,194401,2,121,3,1
hfh_061,hfh,219603,1,120,3,1
tmx_064,tmx,165600,1,120,3,1
gux_287,gux,698399,2,120,3,1
psz_110,psz,237599,2,135,3,1
meg_070,meg,275400,2,120,3,1
tmv_100,tmv,340200,2,149,3,1
pug_274,pug,594000,1,123,3,1
psz_128,psz,275400,2,144,3,1
dft_130,dft,282601,1,125,3,1
ijc_113,ijc,244798,1,123,3,1
imi_100,imi,458999,2,118,3,1
ijc_121,ijc,262800,1,119,3,1
imi_098,imi,455402,2,119,3,1
meg_063,meg,259200,2,120,3,1
eoi_245,eoi,531002,1,120,3,1
efl_123,efl,271798,1,127,3,1
eoi_249,eoi,540003,1,120,3,1
ike_109,ike,273600,2,122,3,1
eoi_251,eoi,543603,1,121,3,1
tlc_290,tlc,628200,1,119,3,2
pug_293,pug,637199,1,117,3,2
gux_182,gux,471602,2,129,3,2
oli_023,oli,50402,1,119,3,2
rdc_069,rdc,396000,2,155,3,2
efl_103,efl,228600,1,136,3,2
wsy_199,wsy,432002,1,120,3,2
kqu_203,kqu,439200,1,117,3,2
wsy_151,wsy,327601,1,134,3,2
psz_155,psz,334800,2,136,3,2
tmx_080,tmx,201603,1,135,3,2
fmv_052,fmv,113399,1,133,3,2
xgr_010,xgr,21602,1,150,3,2
xgr_000,xgr,0,1,136,3,2
dce_197,dce,709197,2,145,3,2
kqu_211,kqu,457200,1,119,3,2
zvv_055,zvv,118799,1,124,3,2
zvv_104,zvv,223199,1,121,3,2
gux_292,gux,712801,2,120,3,2
dft_147,dft,318600,1,121,3,2
frv_092,frv,199799,1,123,3,2
kqu_204,kqu,442800,1,118,3,2
tmv_095,tmv,329400,2,146,3,2
dce_232,dce,835196,2,125,3,2
xtd_174,xtd,374401,1,121,3,2
dce_213,dce,766797,2,155,3,2
wsy_148,wsy,320402,1,133,3,2
gux_169,gux,444600,2,125,3,2
gux_156,gux,415800,2,125,3,2
hsq_117,hsq,394201,1,117,3,2
bcf_050,bcf,109802,1,170,3,2
dft_129,dft,280802,1,125,3,2
djm_089,djm,190802,1,124,3,2
dft_137,dft,297001,1,125,3,2
pcq_019,pcq,104400,2,119,3,2
sdt_090,sdt,194400,1,118,3,2
azm_035,azm,351000,2,124,3,2
zvv_068,zvv,145799,1,138,3,2
wsy_200,wsy,433800,1,121,3,2
gux_117,gux,331200,2,127,3,2
wsy_191,wsy,414001,1,120,3,2
hqw_105,hqw,378002,2,125,3,2
xnq_067,xnq,327600,2,118,3,2
rpk_001,rpk,1800,1,125,3,2
efl_100,efl,223200,1,130,3,2
hcg_150,hcg,376202,2,121,3,2
efl_115,efl,255600,1,139,3,2
utl_122,utl,295201,1,121,3,2
fpc_015,fpc,183600,2,125,3,2
fmv_064,fmv,140402,1,121,3,2
wsy_176,wsy,381603,1,121,3,2
woz_043,woz,91799,1,124,3,2
gmt_012,gmt,28799,2,123,3,2
psz_107,psz,230401,2,139,3,2
tmx_052,tmx,127802,1,120,3,2
tmv_119,tmv,406800,2,127,3,2
dce_185,dce,665997,2,130,3,2
ike_094,ike,228601,2,150,3,2
xnq_133,xnq,469800,2,121,3,2
fzw_006,fzw,12598,2,140,3,2
hsq_162,hsq,520200,1,124,3,2
djm_101,djm,217802,1,124,3,2
pcq_023,pcq,113400,2,126,3,2
xtd_148,xtd,318600,1,118,3,2
fzw_031,fzw,260998,2,119,3,2
woz_034,woz,73799,1,132,3,2
eoi_242,eoi,523802,1,120,3,2
vgg_042,vgg,89999,1,132,3,2
fmv_056,fmv,122399,1,131,3,2
efl_107,efl,237600,1,140,3,2
psz_116,psz,250200,2,138,3,2
fpc_009,fpc,170999,2,123,3,2
snk_069,snk,190801,1,123,3,2
gux_195,gux,500400,2,130,3,2
fzw_001,fzw,1799,2,140,3,2
xtd_152,xtd,327600,1,121,3,2
rdc_081,rdc,630002,2,144,3,2
gmt_014,gmt,34199,2,122,3,2
fzw_021,fzw,174598,2,136,3,2
vgg_049,vgg,104399,1,124,3,2
fzw_012,fzw,89998,2,136,3,2
ijc_104,ijc,226798,1,119,3,2
snk_068,snk,189001,1,124,3,2
wsy_167,wsy,361800,1,126,3,2
djm_085,djm,183602,1,121,3,2
gux_290,gux,705602,2,120,3,2
erx_011,erx,28800,2,120,3,2
xnq_138,xnq,480600,2,117,3,2
bcf_052,bcf,113400,1,160,3,2
eck_129,eck,388798,2,126,3,2
gzl_041,gzl,343801,2,120,3,2
tmv_113,tmv,394200,2,136,3,2
sdt_096,sdt,207002,1,126,3,2
wsy_187,wsy,405001,1,120,3,2
imi_078,imi,412200,2,129,3,2
xgr_015,xgr,32402,1,153,3,2
eoi_253,eoi,547202,1,122,3,2
hcg_136,hcg,345600,2,125,3,2
wsy_201,wsy,435601,1,121,3,2
xnq_051,xnq,293400,2,123,3,2
dft_135,dft,293401,1,125,3,2
meg_060,meg,242999,2,120,3,2
woz_018,woz,37801,1,124,3,2
hfh_067,hfh,241203,1,120,3,2
rdc_063,rdc,381601,2,155,3,2
xgr_002,xgr,3600,1,139,3,2
tmv_086,tmv,309600,2,129,3,2
pvj_080,pvj,172800,1,117,3,2
ike_111,ike,277207,2,118,3,2
ike_083,ike,205201,2,134,3,2
gux_091,gux,266399,2,133,3,2
qfa_023,qfa,66599,1,123,3,2
fpc_014,fpc,181800,2,125,3,2
frv_097,frv,210599,1,119,3,2
gzl_040,gzl,340201,2,120,3,2
hsq_150,hsq,493199,1,130,3,2
woz_024,woz,52200,1,131,3,2
xgr_039,xgr,90001,1,136,3,2
utl_117,utl,284400,1,124,3,2
grt_065,grt,140399,1,121,3,2
efl_128,efl,282599,1,120,3,2
djm_110,djm,237601,1,120,3,2
dce_189,dce,680397,2,135,3,2
sdt_123,sdt,264600,1,119,3,2
oli_032,oli,70202,1,120,3,2
gux_153,gux,410400,2,125,3,2
rdc_094,rdc,658800,2,126,3,2
utl_125,utl,302401,1,119,3,2
tmv_118,tmv,405000,2,128,3,2
ike_096,ike,239400,2,150,3,2
dft_142,dft,307801,1,123,3,2
gux_160,gux,424800,2,125,3,2
woz_022,woz,46801,1,128,3,2
xgr_013,xgr,27002,1,152,3,2
ike_093,ike,226801,2,150,3,2
dce_221,dce,795596,2,145,3,2
azm_016,azm,277199,2,139,3,2
bcf_047,bcf,102600,1,181,3,2
imi_090,imi,437400,2,123,3,2
snk_040,snk,108001,1,118,3,2
eck_133,eck,396000,2,133,3,2
pcq_039,pcq,369000,2,144,3,2
wsy_239,wsy,518400,1,130,3,2
gux_177,gux,460803,2,127,3,2
bcf_014,bcf,32401,1,135,3,2
dft_149,dft,324000,1,120,3,2
iaz_118,iaz,388801,2,118,3,2
gux_095,gux,275400,2,131,3,2
jht_110,jht,324000,2,126,3,2
wsy_233,wsy,504002,1,130,3,2
gux_087,gux,207000,2,136,3,2
vni_019,vni,50402,1,120,3,2
utl_108,utl,264599,1,125,3,2
ssq_054,ssq,194401,1,120,3,2
wsy_250,wsy,541801,1,124,3,2
gmt_002,gmt,3600,2,121,3,2
cti_081,cti,174600,1,118,3,2
frv_100,frv,215999,1,118,3,2
snk_067,snk,185401,1,125,3,2
wsy_255,wsy,552602,1,122,3,2
ykj_076,ykj,167400,1,125,3,2
woz_019,woz,41401,1,126,3,2
fzw_007,fzw,14398,2,140,3,2
eck_136,eck,403200,2,139,3,2
snk_060,snk,171000,1,125,3,2
tmv_114,tmv,396000,2,134,3,2
pvj_072,pvj,154802,1,118,3,2
ojw_099,ojw,214199,1,118,3,2
tmx_070,tmx,180001,1,129,3,2
meg_044,meg,192600,2,124,3,2
wsy_246,wsy,532800,1,126,3,2
pcq_038,pcq,367200,2,143,3,2
ijc_124,ijc,269999,1,117,3,2
xgr_016,xgr,43202,1,155,3,2
fmv_046,fmv,100799,1,135,3,2
tmx_088,tmx,217802,1,133,3,2
fzw_010,fzw,86398,2,136,3,2
utl_120,utl,291601,1,122,3,2
kqu_214,kqu,464401,1,117,3,2
oli_026,oli,57602,1,120,3,2
dce_194,dce,698397,2,145,3,2
bcf_022,bcf,48601,1,160,3,2
meg_049,meg,212400,2,122,3,2
djm_081,djm,174600,1,117,3,2
xgr_007,xgr,14402,1,146,3,2
wsy_227,wsy,491401,1,130,3,2
gux_158,gux,421200,2,125,3,2
yry_270,yry,993594,2,120,3,2
erx_015,erx,37800,2,120,3,2
psz_109,psz,234000,2,137,3,2
azm_014,azm,273600,2,139,3,2
wsy_244,wsy,529201,1,127,3,2
ike_138,ike,351000,2,124,3,2
ike_131,ike,327600,2,136,3,2
pvj_074,pvj,158401,1,119,3,2
frv_102,frv,221401,1,117,3,2
pug_284,pug,617399,1,122,3,2
tmx_069,tmx,176401,1,126,3,2
kqu_205,kqu,444600,1,118,3,2
gux_138,gux,378001,2,132,3,2
utl_107,utl,262799,1,125,3,2
wsy_171,wsy,370800,1,124,3,2
gux_098,gux,282603,2,130,3,2
hsq_155,hsq,504000,1,128,3,2
bcf_053,bcf,115200,1,155,3,2
eck_132,eck,394200,2,131,3,2
xgr_047,xgr,108002,1,124,3,2
rdc_072,rdc,612001,2,140,3,2
gmt_009,gmt,23399,2,124,3,2
iiz_200,iiz,433800,1,118,3,2
gux_103,gux,293401,2,130,3,2
gux_197,gux,504000,2,130,3,2
wsy_254,wsy,550801,1,122,3,2
ijc_115,ijc,250199,1,122,3,2
iag_135,iag,293399,1,117,3,2
gux_124,gux,347400,2,131,3,2
hqw_111,hqw,399602,2,125,3,2
wtz_076,wtz,273600,1,120,3,2
pcq_054,pcq,408600,2,130,3,2
efl_127,efl,280798,1,121,3,2
vgg_019,vgg,39599,1,124,3,2
fmv_066,fmv,144001,1,119,3,2
ijc_119,ijc,259200,1,120,3,2
pvj_078,pvj,167401,1,118,3,2
tmv_120,tmv,410400,2,125,3,2
dft_143,dft,309602,1,123,3,2
meg_061,meg,244800,2,120,3,2
wsy_256,wsy,554401,1,121,3,2
tmx_051,tmx,126002,1,120,3,2
frv_095,frv,205200,1,121,3,2
woz_014,woz,30601,1,121,3,2
ijc_116,ijc,251999,1,121,3,2
hsq_154,hsq,502199,1,128,3,2
gux_088,gux,208801,2,138,3,2
wtz_093,wtz,334801,1,130,3,2
wsy_257,wsy,556200,1,121,3,2
wsy_220,wsy,477001,1,130,3,2
djm_099,djm,212402,1,125,3,2
ike_110,ike,275400,2,120,3,2
iaz_121,iaz,396001,2,121,3,2
xtd_165,xtd,356399,1,125,3,2
tmv_115,tmv,399600,2,132,3,2
gux_294,gux,716401,2,119,3,2
wsy_174,wsy,378000,1,122,3,2
rdc_062,rdc,379801,2,155,3,2
psz_152,psz,327600,2,139,3,2
utl_101,utl,250200,1,123,3,2
psz_096,psz,207002,2,132,3,2
djm_112,djm,241201,1,119,3,2
ike_099,ike,252000,2,143,3,2
psz_159,psz,342000,2,124,3,2
qfa_020,qfa,59399,1,119,3,2
eoi_248,eoi,536402,1,120,3,2
vni_027,vni,73800,1,118,3,2
fmv_054,fmv,118799,1,132,3,2
hqw_115,hqw,414002,2,120,3,2
tmx_037,tmx,95401,1,118,3,2
wtz_073,wtz,262800,1,120,3,2
gux_161,gux,426600,2,125,3,2
vni_000,vni,0,1,125,3,2
grt_059,grt,127799,1,127,3,2
bcf_015,bcf,34201,1,138,3,2
xnq_132,xnq,468000,2,121,3,2
qfa_024,qfa,68398,1,123,3,2
tmx_075,tmx,190800,1,135,3,2
gux_194,gux,498600,2,130,3,2
rpk_005,rpk,10800,1,124,3,2
hqw_151,hqw,543603,2,130,3,2
wtz_074,wtz,266400,1,120,3,2
vni_007,vni,16200,1,125,3,2
eck_151,eck,435600,2,148,3,2
oli_035,oli,77402,1,120,3,2
eck_148,eck,428399,2,149,3,2
vni_029,vni,79201,1,117,3,2
dce_191,dce,687597,2,135,3,2
eck_163,eck,460800,2,134,3,2
meg_046,meg,196200,2,124,3,2
wsy_231,wsy,500401,1,130,3,2
tmv_135,tmv,442800,2,117,3,2
kqu_210,kqu,455400,1,119,3,2
fmv_034,fmv,77399,1,127,3,2
frv_086,frv,187200,1,129,3,2
wtz_077,wtz,277201,1,120,3,2
xnq_130,xnq,464400,2,122,3,2
xnq_137,xnq,478800,2,118,3,2
rdc_075,rdc,617400,2,141,3,2
xnq_049,xnq,288000,2,118,3,2
wsy_169,wsy,367200,1,125,3,2
cti_070,cti,151199,1,125,3,2
xgr_048,xgr,109802,1,122,3,2
woz_017,woz,36001,1,123,3,2
fzw_009,fzw,19798,2,140,3,2
azm_006,azm,248400,2,133,3,2
xnq_039,xnq,266400,2,120,3,2
wsy_251,wsy,543600,1,124,3,2
eck_143,eck,417600,2,147,3,2
azm_027,azm,334800,2,127,3,2
dce_181,dce,651597,2,130,3,2
ike_106,ike,266400,2,131,3,2
wsy_202,wsy,437399,1,122,3,2
wtz_101,wtz,363601,1,120,3,2
xnq_064,xnq,320400,2,121,3,2
iaz_125,iaz,405001,2,123,3,2
tmx_091,tmx,234002,1,130,3,2
imi_076,imi,408600,2,130,3,2
gux_106,gux,307801,2,129,3,2
rdc_092,rdc,655200,2,129,3,2
woz_042,woz,89999,1,125,3,2
xnq_066,xnq,325800,2,120,3,2
hsq_153,hsq,500399,1,129,3,2
xtd_168,xtd,361799,1,125,3,2
woz_030,woz,64799,1,134,3,2
tmx_083,tmx,207002,1,135,3,2
zvv_073,zvv,156599,1,138,3,2
woz_040,woz,86399,1,127,3,2
eoi_264,eoi,572401,1,119,3,2
azm_018,azm,282600,2,139,3,2
yry_275,yry,1011594,2,120,3,2
zvv_103,zvv,221401,1,122,3,2
jht_109,jht,320399,2,121,3,2
tmv_109,tmv,385200,2,142,3,2
wsy_210,wsy,455400,1,126,3,2
hqw_156,hqw,561603,2,130,3,2
gmt_016,gmt,37799,2,121,3,2
ykj_090,ykj,198002,1,119,3,2
rdc_082,rdc,633601,2,145,3,2
azm_044,azm,370800,2,119,3,2
gux_298,gux,725401,2,117,3,2
utl_099,utl,241201,1,121,3,2
vgg_028,vgg,59399,1,133,3,2
iaz_130,iaz,437399,2,119,3,2
ojw_095,ojw,205199,1,118,3,2
vni_009,vni,19800,1,125,3,2
yry_273,yry,1004394,2,120,3,2
xgr_025,xgr,59401,1,155,3,2
pug_277,pug,599401,1,124,3,2
wsy_184,wsy,399601,1,120,3,2
sdt_119,sdt,257400,1,124,3,2
tmv_117,tmv,403200,2,129,3,2
bcf_051,bcf,111600,1,165,3,2
gux_285,gux,694800,2,120,3,2
zvv_087,zvv,187201,1,131,3,2
grt_066,grt,143999,1,119,3,2
grt_051,grt,109801,1,126,3,2
xgr_031,xgr,72001,1,149,3,2
tlc_289,tlc,626401,1,119,3,2
rdc_035,rdc,288001,2,125,3,2
efl_114,efl,252000,1,140,3,2
iaz_128,iaz,432000,2,121,3,2
gmt_013,gmt,32400,2,122,3,2
wsy_193,wsy,417602,1,120,3,2
hsq_127,hsq,415799,1,122,3,2
zvv_075,zvv,162000,1,137,3,2
ojw_097,ojw,208800,1,119,3,2
dce_205,dce,737997,2,160,3,2
woz_015,woz,32401,1,122,3,2
dce_223,dce,802796,2,135,3,2
gux_082,gux,196201,2,123,3,2
dce_226,dce,813596,2,135,3,2
hqw_112,hqw,403202,2,125,3,2
pug_269,pug,583200,1,120,3,2
gmt_019,gmt,44999,2,119,3,2
tlc_293,tlc,635399,1,117,3,2
meg_101,meg,358200,2,118,3,2
psz_099,psz,212401,2,141,3,2
xgr_014,xgr,28802,1,152,3,2
woz_023,woz,48601,1,129,3,2
dft_153,dft,331202,1,118,3,2
tmx_050,tmx,122402,1,120,3,2
ike_090,ike,219601,2,150,3,2
meg_073,meg,280800,2,120,3,2
efl_121,efl,268198,1,130,3,2
wsy_170,wsy,369000,1,124,3,2
erx_012,erx,32400,2,120,3,2
dft_154,dft,334800,1,117,3,2
frv_080,frv,172800,1,118,3,2
gux_289,gux,703800,2,120,3,2
fzw_017,fzw,100798,2,139,3,2
rdc_038,rdc,293401,2,128,3,2
hcg_146,hcg,367204,2,123,3,2
erx_000,erx,0,2,120,3,2
azm_003,azm,241200,2,131,3,2
oli_039,oli,86400,1,120,3,2
pcq_028,pcq,124200,2,136,3,2
imi_061,imi,376201,2,135,3,2
hcg_147,hcg,370802,2,122,3,2
imi_066,imi,387001,2,135,3,2
efl_116,efl,257400,1,137,3,2
azm_030,azm,340200,2,126,3,2
gux_134,gux,369001,2,134,3,2
xgr_044,xgr,100802,1,129,3,2
kqu_213,kqu,460800,1,118,3,2
fmv_036,fmv,80999,1,131,3,2
frv_090,frv,194400,1,126,3,2
xtd_146,xtd,315000,1,117,3,2
sdt_091,sdt,196200,1,119,3,2
sdt_115,sdt,248400,1,127,3,2
dce_199,dce,716397,2,155,3,2
iaz_132,iaz,441000,2,117,3,2
pcq_025,pcq,117000,2,129,3,2
xgr_028,xgr,66600,1,152,3,2
djm_096,djm,207002,1,125,3,2
fpc_013,fpc,180000,2,125,3,2
dce_216,dce,777596,2,145,3,2
wsy_260,wsy,563401,1,119,3,2
wsy_145,wsy,315002,1,128,3,2
wsy_217,wsy,469803,1,129,3,2
bcf_058,bcf,126003,1,120,3,2
meg_065,meg,264600,2,120,3,2
gux_113,gux,324000,2,125,3,2
djm_090,djm,194402,1,125,3,2
wsy_158,wsy,342000,1,130,3,2
efl_122,efl,269998,1,129,3,2
fzw_032,fzw,262798,2,119,3,2
oli_047,oli,102600,1,117,3,2
efl_113,efl,250200,1,140,3,2
tmx_101,tmx,259201,1,122,3,2
xtd_147,xtd,316801,1,118,3,2
wtz_083,wtz,298801,1,140,3,2
zvv_083,zvv,178201,1,133,3,2
hsq_149,hsq,491399,1,130,3,2
gzl_050,gzl,361801,2,118,3,2
woz_025,woz,54000,1,132,3,2
ijc_106,ijc,230398,1,121,3,2
woz_020,woz,43201,1,127,3,2
gmt_007,gmt,16201,2,124,3,2
cti_082,cti,176401,1,117,3,2
hqw_153,hqw,550803,2,140,3,2
zvv_063,zvv,134998,1,133,3,2
dce_168,dce,604797,2,120,3,2
utl_116,utl,282600,1,124,3,2
rdc_031,rdc,279001,2,121,3,2
ike_132,ike,329400,2,136,3,2
sdt_109,sdt,235800,1,130,3,2
utl_104,utl,255599,1,125,3,2
fmv_037,fmv,82800,1,133,3,2
hfh_062,hfh,223203,1,120,3,2
xtd_171,xtd,368999,1,123,3,2
dce_172,dce,619197,2,120,3,2
dce_225,dce,809996,2,135,3,2
fmv_067,fmv,145800,1,117,3,2
pug_294,pug,638999,1,117,3,2
hqw_113,hqw,406802,2,125,3,2
rdc_042,rdc,302401,2,132,3,2
wsy_223,wsy,482401,1,130,3,2
gux_189,gux,487801,2,130,3,2
gux_099,gux,284401,2,130,3,2
hcg_148,hcg,372602,2,122,3,2
vgg_026,vgg,55800,1,132,3,2
gmt_020,gmt,46799,2,119,3,2
dce_202,dce,727197,2,155,3,2
psz_151,psz,325800,2,139,3,2
xgr_003,xgr,5401,1,140,3,2
bcf_025,bcf,55801,1,170,3,2
hsq_118,hsq,396001,1,117,3,2
psz_106,psz,228601,2,140,3,2
azm_021,azm,288000,2,138,3,2
xgr_043,xgr,99002,1,130,3,2
eoi_261,eoi,565202,1,122,3,2
pug_279,pug,604801,1,125,3,2
efl_096,efl,214199,1,119,3,2
gzl_043,gzl,347401,2,120,3,2
hsq_146,hsq,486000,1,130,3,2
oli_025,oli,55802,1,120,3,2
wtz_100,wtz,360001,1,120,3,2
ykj_091,ykj,199801,1,118,3,2
dce_173,dce,622797,2,120,3,2
hsq_109,hsq,350999,1,117,3,2
snk_043,snk,126001,1,125,3,2
rdc_059,rdc,374401,2,155,3,2
bcf_027,bcf,59402,1,175,3,2
xgr_034,xgr,79201,1,144,3,2
ykj_086,ykj,188999,1,123,3,2
gux_127,gux,352800,2,132,3,2
azm_033,azm,347400,2,124,3,2
woz_016,woz,34201,1,123,3,2
psz_153,psz,329400,2,138,3,2
cti_080,cti,172801,1,119,3,2
gux_296,gux,720001,2,118,3,2
ike_079,ike,196201,2,119,3,2
dce_228,dce,820796,2,125,3,2
gzl_039,gzl,338401,2,120,3,2
gux_137,gux,374401,2,133,3,2
eck_142,eck,415800,2,146,3,2
tmx_082,tmx,205202,1,135,3,2
sdt_117,sdt,252000,1,126,3,2
eck_159,eck,453600,2,139,3,2
meg_038,meg,180000,2,121,3,2
xgr_018,xgr,46802,1,155,3,2
gux_185,gux,478803,2,130,3,2
snk_058,snk,167400,1,125,3,2
hsq_167,hsq,531001,1,122,3,2
eoi_266,eoi,576001,1,117,3,2
psz_092,psz,198001,2,117,3,2
gux_122,gux,342000,2,129,3,2
tmv_128,tmv,426600,2,121,3,2
wsy_236,wsy,511200,1,130,3,2
dce_187,dce,673197,2,135,3,2
grt_049,grt,106198,1,122,3,2
ike_097,ike,241200,2,149,3,2
eck_140,eck,412200,2,146,3,2
zvv_052,zvv,111600,1,119,3,2
gux_107,gux,309602,2,128,3,2
qfa_035,qfa,91800,1,128,3,2
imi_084,imi,424800,2,126,3,2
snk_053,snk,156600,1,125,3,2
wtz_072,wtz,259200,1,120,3,2
iag_127,iag,275399,1,118,3,2
gmt_004,gmt,7200,2,122,3,2
snk_056,snk,162000,1,125,3,2
gux_119,gux,336600,2,128,3,2
gux_186,gux,480601,2,130,3,2
cti_074,cti,158399,1,123,3,2
oli_043,oli,93601,1,120,3,2
ojw_094,ojw,203400,1,117,3,2
eoi_237,eoi,513001,1,117,3,2
iaz_122,iaz,397801,2,121,3,2
xnq_062,xnq,316800,2,123,3,2
pcq_056,pcq,412200,2,119,3,2
gux_084,gux,199801,2,127,3,2
meg_077,meg,289799,2,120,3,2
psz_157,psz,338400,2,135,3,2
vgg_050,vgg,107999,1,121,3,2
vgg_031,vgg,66599,1,137,3,2
dce_233,dce,838796,2,125,3,2
gux_286,gux,696600,2,120,3,2
xgr_036,xgr,82800,1,141,3,2
cti_077,cti,165601,1,121,3,2
tmx_058,tmx,149402,1,120,3,2
bcf_039,bcf,86400,1,185,3,2
imi_096,imi,451801,2,120,3,2
psz_126,psz,271800,2,143,3,2
ykj_093,ykj,203401,1,117,3,2
wsy_253,wsy,547200,1,123,3,2
tmx_068,tmx,174601,1,125,3,2
woz_010,woz,21600,1,117,3,2
ike_100,ike,253799,2,142,3,2
imi_079,imi,414000,2,129,3,2
hqw_117,hqw,421202,2,120,3,2
azm_034,azm,349200,2,124,3,2
rdc_046,rdc,311400,2,137,3,2
frv_094,frv,203399,1,122,3,2
pug_286,pug,620999,1,121,3,2
fmv_031,fmv,72000,1,120,3,2
gux_118,gux,334799,2,128,3,2
wsy_243,wsy,525600,1,128,3,2
imi_062,imi,378001,2,135,3,2
imi_063,imi,379801,2,135,3,2
cti_062,cti,133199,1,118,3,2
fpc_011,fpc,174600,2,125,3,2
azm_046,azm,374400,2,118,3,2
rpk_008,rpk,16200,1,122,3,2
xgr_021,xgr,52202,1,155,3,2
wsy_229,wsy,496801,1,130,3,2
rdc_076,rdc,619201,2,142,3,2
gux_129,gux,358200,2,133,3,2
xtd_149,xtd,320400,1,119,3,2
meg_081,meg,298800,2,120,3,2
ykj_072,ykj,158399,1,121,3,2
bcf_032,bcf,70201,1,182,3,2
gux_210,gux,532800,2,121,3,2
psz_097,psz,208801,2,135,3,2
hsq_165,hsq,525599,1,123,3,2
wsy_181,wsy,392402,1,120,3,2
dce_186,dce,669597,2,135,3,2
ijc_112,ijc,242999,1,123,3,2
bcf_013,bcf,28800,1,130,3,2
vgg_041,vgg,88199,1,133,3,2
hcg_134,hcg,342001,2,125,3,2
tmv_122,tmv,414000,2,124,3,2
fpc_008,fpc,169200,2,122,3,2
yry_287,yry,1058394,2,125,3,2
brm_018,brm,246601,2,119,3,2
tmx_057,tmx,147602,1,120,3,2
xnq_050,xnq,291600,2,121,3,2
xnq_126,xnq,455400,2,124,3,2
bcf_020,bcf,45002,1,155,3,2
sdt_120,sdt,259200,1,122,3,2
ike_084,ike,207001,2,137,3,2
fmv_045,fmv,98999,1,135,3,2
djm_098,djm,210602,1,125,3,2
psz_111,psz,239400,2,136,3,2
bcf_046,bcf,100801,1,181,3,2
dft_145,dft,314999,1,122,3,2
oli_044,oli,97200,1,119,3,2
qfa_027,qfa,75600,1,127,3,2
gux_209,gux,530999,2,122,3,2
zvv_095,zvv,205200,1,127,3,2
imi_073,imi,401403,2,131,3,2
eck_153,eck,439200,2,146,3,2
gzl_038,gzl,336601,2,120,3,2
eck_168,eck,478800,2,121,3,2
wsy_262,wsy,567002,1,118,3,2
imi_092,imi,442800,2,122,3,2
vni_018,vni,48602,1,120,3,2
gux_132,gux,363601,2,134,3,2
xgr_027,xgr,64801,1,154,3,2
iag_132,iag,286200,1,118,3,2
vni_011,vni,25200,1,125,3,2
xnq_123,xnq,448200,2,122,3,2
xnq_057,xnq,306000,2,128,3,2
hsq_139,hsq,469801,1,130,3,2
grt_050,grt,107999,1,124,3,2
snk_045,snk,136800,1,125,3,2
bcf_031,bcf,68402,1,181,3,2
ike_123,ike,304201,2,118,3,2
vni_020,vni,59400,1,120,3,2
efl_110,efl,244800,1,140,3,2
iag_131,iag,284399,1,119,3,2
utl_115,utl,280800,1,125,3,2
imi_075,imi,405000,2,131,3,2
rdc_083,rdc,635401,2,145,3,2
wsy_249,wsy,540000,1,125,3,2
vgg_044,vgg,93599,1,131,3,2
zvv_081,zvv,174600,1,134,3,2
vgg_033,vgg,70200,1,138,3,2
rdc_097,rdc,666000,2,119,3,2
djm_088,djm,189002,1,123,3,2
qfa_032,qfa,86400,1,129,3,2
sdt_106,sdt,228601,1,130,3,2
wsy_212,wsy,459000,1,127,3,2
wsy_241,wsy,522002,1,129,3,2
gux_168,gux,442799,2,125,3,2
bcf_010,bcf,21599,1,118,3,2
fmv_050,fmv,109799,1,134,3,2
wsy_194,wsy,421200,1,120,3,2
hfh_070,hfh,252003,1,120,3,2
meg_068,meg,270000,2,120,3,2
snk_059,snk,169200,1,125,3,2
azm_008,azm,252001,2,134,3,2
fpc_010,fpc,172800,2,124,3,2
dft_126,dft,273601,1,121,3,2
azm_013,azm,271800,2,138,3,2
eck_154,eck,442799,2,145,3,2
tlc_292,tlc,631801,1,118,3,2
imi_089,imi,435600,2,124,3,2
gux_115,gux,327600,2,126,3,2
zvv_064,zvv,136799,1,134,3,2
oli_028,oli,61202,1,120,3,2
wtz_095,wtz,342001,1,130,3,2
fzw_022,fzw,176398,2,136,3,2
meg_091,meg,320400,2,123,3,2
tlc_284,tlc,615601,1,118,3,2
gux_154,gux,412200,2,125,3,2
azm_019,azm,284400,2,139,3,2
dce_171,dce,615597,2,120,3,2
pcq_046,pcq,385200,2,148,3,2
rdc_045,rdc,309600,2,136,3,2
wsy_177,wsy,383402,1,121,3,2
tlc_286,tlc,619200,1,119,3,2
dce_174,dce,626397,2,125,3,2
djm_092,djm,198003,1,125,3,2
oli_037,oli,81002,1,120,3,2
hsq_129,hsq,421199,1,123,3,2
tmv_134,tmv,439200,2,118,3,2
xgr_035,xgr,81000,1,142,3,2
tmx_092,tmx,235802,1,129,3,2
rdc_029,rdc,273601,2,119,3,2
azm_005,azm,244800,2,132,3,2
ykj_088,ykj,192600,1,122,3,2
wsy_214,wsy,464401,1,128,3,2
xgr_030,xgr,70201,1,150,3,2
psz_121,psz,261000,2,141,3,2
zvv_065,zvv,140398,1,136,3,2
gux_187,gux,482401,2,130,3,2
zvv_102,zvv,219599,1,122,3,2
ykj_085,ykj,187199,1,124,3,2
tmx_081,tmx,203402,1,135,3,2
wsy_152,wsy,329402,1,133,3,2
xnq_124,xnq,450000,2,123,3,2
wsy_144,wsy,313201,1,127,3,2
tmv_129,tmv,428400,2,121,3,2
tmv_103,tmv,347400,2,151,3,2
azm_004,azm,243000,2,131,3,2
ike_095,ike,237600,2,150,3,2
tmv_116,tmv,401400,2,131,3,2
gux_199,gux,509400,2,130,3,2
tmx_046,tmx,115202,1,120,3,2
meg_082,meg,300600,2,120,3,2
frv_085,frv,183601,1,128,3,2
rdc_093,rdc,657000,2,127,3,2
wsy_263,wsy,568801,1,118,3,2
hsq_142,hsq,477001,1,130,3,2
dce_212,dce,763197,2,155,3,2
gux_191,gux,491401,2,130,3,2
meg_069,meg,271800,2,120,3,2
meg_052,meg,217800,2,121,3,2
imi_095,imi,448202,2,121,3,2
vgg_016,vgg,34199,1,122,3,2
tmv_111,tmv,390600,2,138,3,2
rpk_000,rpk,0,1,125,3,2
fzw_027,fzw,187198,2,139,3,2
vgg_018,vgg,37799,1,123,3,2
iag_128,iag,277200,1,119,3,2
efl_109,efl,241200,1,140,3,2
ike_125,ike,307801,2,121,3,2
iaz_127,iaz,419400,2,124,3,2
iaz_117,iaz,387001,2,117,3,2
gux_159,gux,422999,2,125,3,2
psz_158,psz,340200,2,129,3,2
vgg_020,vgg,43201,1,126,3,2
eoi_244,eoi,529201,1,120,3,2
fmv_043,fmv,93600,1,135,3,2
