image_id,storm_id,relative_time,ocean,wind_speed,train
azm_001,azm,237600,2,130,1
azm_002,azm,239400,2,131,1
azm_003,azm,241200,2,131,1
azm_004,azm,243000,2,131,1
azm_005,azm,244800,2,132,1
azm_006,azm,248400,2,133,1
azm_007,azm,250200,2,133,1
azm_008,azm,252001,2,134,1
azm_009,azm,253801,2,134,1
azm_010,azm,255600,2,134,1
azm_011,azm,259200,2,135,1
azm_012,azm,270000,2,138,1
azm_013,azm,271800,2,138,1
azm_014,azm,273600,2,139,1
azm_015,azm,275399,2,139,1
azm_016,azm,277199,2,139,1
azm_017,azm,280800,2,140,1
azm_018,azm,282600,2,139,1
azm_019,azm,284400,2,139,1
azm_020,azm,286200,2,139,1
azm_021,azm,288000,2,138,1
azm_022,azm,291600,2,137,1
azm_023,azm,325800,2,129,1
azm_024,azm,327600,2,129,1
azm_025,azm,329400,2,129,1
azm_026,azm,331200,2,128,1
azm_027,azm,334800,2,127,1
azm_028,azm,336600,2,127,1
azm_029,azm,338400,2,126,1
azm_030,azm,340200,2,126,1
azm_031,azm,342000,2,126,1
azm_032,azm,345600,2,125,1
azm_033,azm,347400,2,124,1
bcf_011,bcf,23401,1,121,1
bcf_012,bcf,25200,1,124,1
bcf_013,bcf,28800,1,130,1
bcf_014,bcf,32401,1,135,1
bcf_015,bcf,34201,1,138,1
bcf_016,bcf,36001,1,141,1
bcf_017,bcf,37801,1,144,1
bcf_018,bcf,39603,1,147,1
bcf_054,bcf,118801,1,145,1
bcf_055,bcf,120601,1,140,1
cti_065,cti,140399,1,121,1
cti_066,cti,142199,1,122,1
cti_067,cti,144000,1,123,1
cti_068,cti,145799,1,123,1
cti_069,cti,147599,1,124,1
cti_070,cti,151199,1,125,1
cti_071,cti,152999,1,124,1
cti_072,cti,154798,1,124,1
cti_073,cti,156599,1,123,1
cti_074,cti,158399,1,123,1
cti_075,cti,162000,1,122,1
cti_076,cti,163801,1,122,1
dce_174,dce,626397,2,125,1
dce_175,dce,629997,2,125,1
dce_176,dce,633597,2,125,1
dce_177,dce,637197,2,125,1
dce_178,dce,640797,2,125,1
dce_179,dce,644397,2,125,1
dce_180,dce,647997,2,130,1
dce_181,dce,651597,2,130,1
dce_182,dce,655197,2,130,1
dce_183,dce,658797,2,130,1
dce_184,dce,662397,2,130,1
dce_185,dce,665997,2,130,1
dce_186,dce,669597,2,135,1
dce_187,dce,673197,2,135,1
dce_188,dce,676797,2,135,1
dce_189,dce,680397,2,135,1
dce_190,dce,683997,2,135,1
dce_191,dce,687597,2,135,1
dce_192,dce,691197,2,145,1
dce_193,dce,694797,2,145,1
dce_194,dce,698397,2,145,1
dce_195,dce,701997,2,145,1
dce_196,dce,705597,2,145,1
dce_197,dce,709197,2,145,1
dce_216,dce,777596,2,145,1
dce_217,dce,781196,2,145,1
dce_218,dce,784796,2,145,1
dce_219,dce,788396,2,145,1
dce_220,dce,791996,2,145,1
dce_221,dce,795596,2,145,1
dce_222,dce,799196,2,135,1
dce_223,dce,802796,2,135,1
dce_224,dce,806396,2,135,1
dce_225,dce,809996,2,135,1
dft_126,dft,273601,1,121,1
dft_127,dft,275401,1,123,1
dft_128,dft,277202,1,124,1
dft_129,dft,280802,1,125,1
dft_130,dft,282601,1,125,1
dft_131,dft,284400,1,125,1
dft_132,dft,286200,1,125,1
dft_133,dft,288001,1,125,1
dft_134,dft,291601,1,125,1
dft_135,dft,293401,1,125,1
dft_136,dft,295202,1,125,1
dft_137,dft,297001,1,125,1
dft_138,dft,298801,1,125,1
dft_139,dft,302401,1,125,1
dft_140,dft,304202,1,124,1
dft_141,dft,306001,1,124,1
dft_142,dft,307801,1,123,1
dft_143,dft,309602,1,123,1
djm_085,djm,183602,1,121,1
djm_086,djm,185402,1,122,1
djm_087,djm,187202,1,123,1
djm_088,djm,189002,1,123,1
djm_089,djm,190802,1,124,1
djm_090,djm,194402,1,125,1
djm_091,djm,196202,1,125,1
djm_092,djm,198003,1,125,1
djm_093,djm,199802,1,125,1
djm_094,djm,201602,1,125,1
djm_095,djm,205202,1,125,1
djm_096,djm,207002,1,125,1
djm_097,djm,208802,1,125,1
djm_098,djm,210602,1,125,1
djm_099,djm,212402,1,125,1
djm_100,djm,216002,1,125,1
djm_101,djm,217802,1,124,1
djm_102,djm,219602,1,124,1
djm_103,djm,221402,1,123,1
djm_104,djm,223202,1,123,1
eck_129,eck,388798,2,126,1
eck_130,eck,390600,2,128,1
eck_131,eck,392400,2,129,1
eck_132,eck,394200,2,131,1
eck_133,eck,396000,2,133,1
eck_134,eck,399600,2,136,1
eck_135,eck,401400,2,138,1
eck_136,eck,403200,2,139,1
eck_137,eck,405000,2,141,1
eck_138,eck,406800,2,143,1
eck_139,eck,410400,2,145,1
eck_140,eck,412200,2,146,1
eck_141,eck,414000,2,146,1
eck_142,eck,415800,2,146,1
eck_143,eck,417600,2,147,1
eck_144,eck,421200,2,148,1
eck_145,eck,423000,2,148,1
eck_146,eck,424800,2,149,1
eck_147,eck,426600,2,149,1
eck_148,eck,428399,2,149,1
eck_149,eck,432000,2,150,1
eck_150,eck,433800,2,149,1
eck_151,eck,435600,2,148,1
eck_152,eck,437400,2,147,1
eck_153,eck,439200,2,146,1
eck_154,eck,442799,2,145,1
eck_155,eck,444600,2,144,1
eck_156,eck,446400,2,143,1
eck_157,eck,448200,2,142,1
eck_158,eck,450000,2,141,1
eck_159,eck,453600,2,139,1
eck_160,eck,455400,2,138,1
efl_097,efl,215998,1,121,1
efl_098,efl,217798,1,123,1
efl_099,efl,219599,1,125,1
efl_100,efl,223200,1,130,1
efl_101,efl,225000,1,132,1
efl_102,efl,226800,1,134,1
efl_103,efl,228600,1,136,1
efl_104,efl,230400,1,138,1
efl_105,efl,234000,1,140,1
efl_106,efl,235800,1,140,1
efl_107,efl,237600,1,140,1
efl_108,efl,239400,1,140,1
efl_109,efl,241200,1,140,1
efl_110,efl,244800,1,140,1
efl_111,efl,246600,1,140,1
efl_112,efl,248400,1,140,1
efl_113,efl,250200,1,140,1
efl_114,efl,252000,1,140,1
efl_115,efl,255600,1,139,1
efl_116,efl,257400,1,137,1
efl_117,efl,259200,1,136,1
efl_118,efl,261000,1,135,1
efl_119,efl,262800,1,134,1
efl_120,efl,266398,1,131,1
efl_121,efl,268198,1,130,1
eoi_250,eoi,541802,1,121,1
eoi_251,eoi,543603,1,121,1
eoi_252,eoi,545402,1,122,1
eoi_253,eoi,547202,1,122,1
eoi_254,eoi,550802,1,123,1
eoi_255,eoi,552603,1,123,1
eoi_256,eoi,554403,1,124,1
eoi_257,eoi,556202,1,124,1
eoi_258,eoi,558003,1,125,1
eoi_259,eoi,561602,1,124,1
eoi_260,eoi,563403,1,123,1
eoi_261,eoi,565202,1,122,1
fmv_032,fmv,73799,1,123,1
fmv_033,fmv,75600,1,125,1
fmv_034,fmv,77399,1,127,1
fmv_035,fmv,79200,1,129,1
fmv_036,fmv,80999,1,131,1
fmv_037,fmv,82800,1,133,1
fmv_038,fmv,84599,1,135,1
fmv_039,fmv,86401,1,135,1
fmv_040,fmv,88199,1,135,1
fmv_041,fmv,90000,1,135,1
fmv_042,fmv,91800,1,135,1
fmv_043,fmv,93600,1,135,1
fmv_044,fmv,97199,1,135,1
fmv_045,fmv,98999,1,135,1
fmv_046,fmv,100799,1,135,1
fmv_047,fmv,102599,1,135,1
fmv_048,fmv,104399,1,135,1
fmv_049,fmv,107999,1,135,1
fmv_050,fmv,109799,1,134,1
fmv_051,fmv,111599,1,134,1
fmv_052,fmv,113399,1,133,1
fmv_053,fmv,115199,1,133,1
fmv_054,fmv,118799,1,132,1
fmv_055,fmv,120599,1,132,1
fmv_056,fmv,122399,1,131,1
fmv_057,fmv,124199,1,131,1
fmv_058,fmv,125999,1,130,1
fpc_007,fpc,167400,2,121,1
fpc_008,fpc,169200,2,122,1
fpc_009,fpc,170999,2,123,1
fpc_010,fpc,172800,2,124,1
fpc_011,fpc,174600,2,125,1
fpc_012,fpc,178199,2,125,1
fpc_013,fpc,180000,2,125,1
fpc_014,fpc,181800,2,125,1
frv_081,frv,176400,1,122,1
frv_082,frv,178201,1,123,1
frv_083,frv,180000,1,125,1
frv_084,frv,181800,1,127,1
frv_085,frv,183601,1,128,1
frv_086,frv,187200,1,129,1
frv_087,frv,189000,1,128,1
frv_088,frv,190801,1,127,1
frv_089,frv,192601,1,127,1
frv_090,frv,194400,1,126,1
frv_091,frv,197998,1,124,1
frv_092,frv,199799,1,123,1
fzw_000,fzw,0,2,140,1
fzw_001,fzw,1799,2,140,1
fzw_002,fzw,3598,2,140,1
fzw_003,fzw,5398,2,140,1
fzw_004,fzw,8998,2,140,1
fzw_005,fzw,10798,2,140,1
fzw_006,fzw,12598,2,140,1
fzw_007,fzw,14398,2,140,1
fzw_008,fzw,16198,2,140,1
fzw_009,fzw,19798,2,140,1
fzw_010,fzw,86398,2,136,1
fzw_011,fzw,88198,2,136,1
fzw_012,fzw,89998,2,136,1
fzw_013,fzw,91799,2,137,1
fzw_014,fzw,95398,2,138,1
fzw_015,fzw,97198,2,138,1
fzw_016,fzw,98998,2,139,1
fzw_017,fzw,100798,2,139,1
fzw_018,fzw,102598,2,139,1
fzw_019,fzw,106197,2,140,1
fzw_020,fzw,172798,2,136,1
fzw_021,fzw,174598,2,136,1
fzw_022,fzw,176398,2,136,1
fzw_023,fzw,178200,2,137,1
gmt_001,gmt,1800,2,121,1
gmt_002,gmt,3600,2,121,1
gmt_003,gmt,5401,2,121,1
gmt_004,gmt,7200,2,122,1
gmt_005,gmt,10800,2,123,1
gmt_006,gmt,12600,2,123,1
gmt_007,gmt,16201,2,124,1
gmt_008,gmt,21599,2,125,1
gmt_009,gmt,23399,2,124,1
gmt_010,gmt,25199,2,124,1
gmt_011,gmt,26999,2,124,1
gmt_012,gmt,28799,2,123,1
gmt_013,gmt,32400,2,122,1
gmt_014,gmt,34199,2,122,1
grt_049,grt,106198,1,122,1
grt_050,grt,107999,1,124,1
grt_051,grt,109801,1,126,1
grt_052,grt,111598,1,128,1
grt_053,grt,115199,1,130,1
grt_054,grt,116999,1,129,1
grt_055,grt,118799,1,129,1
grt_056,grt,120599,1,128,1
grt_057,grt,122399,1,128,1
grt_058,grt,125998,1,127,1
grt_059,grt,127799,1,127,1
grt_060,grt,129601,1,126,1
grt_061,grt,131399,1,126,1
grt_062,grt,133199,1,125,1
gux_081,gux,194401,2,121,1
gux_082,gux,196201,2,123,1
gux_083,gux,198001,2,125,1
gux_084,gux,199801,2,127,1
gux_085,gux,201601,2,129,1
gux_086,gux,205201,2,134,1
gux_087,gux,207000,2,136,1
gux_088,gux,208801,2,138,1
gux_089,gux,210601,2,140,1
gux_090,gux,212401,2,142,1
gux_091,gux,266399,2,133,1
gux_092,gux,270000,2,132,1
gux_093,gux,271799,2,132,1
gux_094,gux,273600,2,131,1
gux_095,gux,275400,2,131,1
gux_096,gux,277201,2,131,1
gux_097,gux,280801,2,130,1
gux_098,gux,282603,2,130,1
gux_099,gux,284401,2,130,1
gux_100,gux,286201,2,130,1
gux_101,gux,288001,2,130,1
gux_102,gux,291601,2,130,1
gux_103,gux,293401,2,130,1
gux_104,gux,295200,2,130,1
gux_105,gux,297001,2,130,1
gux_106,gux,307801,2,129,1
gux_107,gux,309602,2,128,1
gux_108,gux,313201,2,127,1
gux_109,gux,315001,2,127,1
gux_110,gux,316801,2,126,1
gux_111,gux,318601,2,126,1
gux_112,gux,320400,2,126,1
gux_113,gux,324000,2,125,1
gux_114,gux,325800,2,126,1
gux_115,gux,327600,2,126,1
gux_116,gux,329400,2,126,1
gux_117,gux,331200,2,127,1
gux_118,gux,334799,2,128,1
gux_119,gux,336600,2,128,1
gux_120,gux,338402,2,129,1
gux_121,gux,340200,2,129,1
gux_122,gux,342000,2,129,1
gux_123,gux,345600,2,130,1
gux_124,gux,347400,2,131,1
gux_125,gux,349200,2,131,1
gux_126,gux,351000,2,131,1
gux_127,gux,352800,2,132,1
gux_128,gux,356400,2,133,1
gux_129,gux,358200,2,133,1
gux_130,gux,359999,2,134,1
gux_131,gux,361800,2,134,1
gux_132,gux,363601,2,134,1
gux_133,gux,367201,2,135,1
gux_134,gux,369001,2,134,1
gux_135,gux,370801,2,134,1
gux_136,gux,372601,2,134,1
gux_137,gux,374401,2,133,1
gux_138,gux,378001,2,132,1
gux_139,gux,379801,2,132,1
gux_140,gux,381601,2,131,1
gux_141,gux,383402,2,131,1
gux_142,gux,385201,2,131,1
gux_143,gux,388801,2,130,1
gux_144,gux,390601,2,129,1
gux_145,gux,392401,2,129,1
gux_146,gux,394201,2,129,1
gux_147,gux,396001,2,128,1
gux_148,gux,399601,2,127,1
gux_149,gux,401401,2,127,1
gux_150,gux,403201,2,126,1
gux_151,gux,405001,2,126,1
gux_152,gux,406800,2,126,1
gux_153,gux,410400,2,125,1
gux_154,gux,412200,2,125,1
gux_155,gux,414000,2,125,1
gux_156,gux,415800,2,125,1
gux_157,gux,417600,2,125,1
gux_158,gux,421200,2,125,1
gux_159,gux,422999,2,125,1
gux_160,gux,424800,2,125,1
gux_161,gux,426600,2,125,1
gux_162,gux,428399,2,125,1
gux_163,gux,432000,2,125,1
gux_164,gux,433800,2,125,1
gux_165,gux,435600,2,125,1
gux_166,gux,437400,2,125,1
gux_167,gux,439200,2,125,1
gux_168,gux,442799,2,125,1
gux_169,gux,444600,2,125,1
gux_170,gux,446400,2,125,1
gux_171,gux,448199,2,125,1
gux_172,gux,450001,2,125,1
gux_173,gux,453601,2,125,1
gux_174,gux,455401,2,126,1
gux_175,gux,457200,2,126,1
gux_176,gux,459001,2,126,1
gux_177,gux,460803,2,127,1
gux_178,gux,464401,2,128,1
gux_179,gux,466201,2,128,1
gux_180,gux,468001,2,129,1
gux_181,gux,469801,2,129,1
gux_182,gux,471602,2,129,1
gux_183,gux,475201,2,130,1
gux_184,gux,477001,2,130,1
gux_185,gux,478803,2,130,1
gux_186,gux,480601,2,130,1
hcg_128,hcg,329401,2,121,1
hcg_129,hcg,331200,2,122,1
hcg_130,hcg,333003,2,123,1
hcg_131,hcg,334801,2,124,1
hcg_132,hcg,338401,2,125,1
hcg_133,hcg,340201,2,125,1
hcg_134,hcg,342001,2,125,1
hcg_135,hcg,343801,2,125,1
hcg_136,hcg,345600,2,125,1
hcg_137,hcg,349203,2,125,1
hcg_138,hcg,351001,2,125,1
hcg_139,hcg,352801,2,125,1
hcg_140,hcg,354601,2,125,1
hcg_141,hcg,356402,2,125,1
hcg_142,hcg,360002,2,125,1
hcg_143,hcg,361802,2,124,1
hcg_144,hcg,363602,2,124,1
hcg_145,hcg,365402,2,124,1
hcg_146,hcg,367204,2,123,1
hcg_147,hcg,370802,2,122,1
hqw_102,hqw,367202,2,125,1
hqw_103,hqw,370802,2,125,1
hqw_104,hqw,374402,2,125,1
hqw_105,hqw,378002,2,125,1
hqw_106,hqw,381602,2,125,1
hqw_107,hqw,385202,2,125,1
hqw_108,hqw,388802,2,125,1
hqw_109,hqw,392402,2,125,1
hqw_110,hqw,396002,2,125,1
hqw_111,hqw,399602,2,125,1
hqw_112,hqw,403202,2,125,1
hqw_113,hqw,406802,2,125,1
hqw_150,hqw,540003,2,130,1
hqw_151,hqw,543603,2,130,1
hqw_152,hqw,547203,2,130,1
hqw_153,hqw,550803,2,140,1
hqw_154,hqw,554403,2,140,1
hqw_155,hqw,558003,2,140,1
hqw_156,hqw,561603,2,130,1
hqw_157,hqw,565203,2,130,1
hsq_125,hsq,412199,1,121,1
hsq_126,hsq,413999,1,121,1
hsq_127,hsq,415799,1,122,1
hsq_128,hsq,417600,1,122,1
hsq_129,hsq,421199,1,123,1
hsq_130,hsq,422999,1,123,1
hsq_131,hsq,424800,1,124,1
hsq_132,hsq,426599,1,124,1
hsq_133,hsq,428400,1,125,1
hsq_134,hsq,431999,1,125,1
hsq_135,hsq,433800,1,126,1
hsq_136,hsq,435600,1,126,1
hsq_137,hsq,437399,1,127,1
hsq_138,hsq,468001,1,130,1
hsq_139,hsq,469801,1,130,1
hsq_140,hsq,471601,1,130,1
hsq_141,hsq,475201,1,130,1
hsq_142,hsq,477001,1,130,1
hsq_143,hsq,478801,1,130,1
hsq_144,hsq,480601,1,130,1
hsq_145,hsq,482401,1,130,1
hsq_146,hsq,486000,1,130,1
hsq_147,hsq,487800,1,130,1
hsq_148,hsq,489600,1,130,1
hsq_149,hsq,491399,1,130,1
hsq_150,hsq,493199,1,130,1
hsq_151,hsq,496799,1,130,1
hsq_152,hsq,498599,1,129,1
hsq_153,hsq,500399,1,129,1
hsq_154,hsq,502199,1,128,1
hsq_155,hsq,504000,1,128,1
hsq_156,hsq,507600,1,127,1
hsq_157,hsq,509399,1,127,1
hsq_158,hsq,511200,1,126,1
hsq_159,hsq,513000,1,126,1
hsq_160,hsq,514800,1,125,1
iaz_121,iaz,396001,2,121,1
iaz_122,iaz,397801,2,121,1
iaz_123,iaz,399601,2,121,1
iaz_124,iaz,401401,2,122,1
iaz_125,iaz,405001,2,123,1
iaz_126,iaz,417600,2,124,1
iaz_127,iaz,419400,2,124,1
iaz_128,iaz,432000,2,121,1
ijc_106,ijc,230398,1,121,1
ijc_107,ijc,232198,1,123,1
ijc_108,ijc,233998,1,124,1
ijc_109,ijc,237598,1,125,1
ijc_110,ijc,239398,1,124,1
ijc_111,ijc,241198,1,124,1
ijc_112,ijc,242999,1,123,1
ijc_113,ijc,244798,1,123,1
ijc_114,ijc,248400,1,122,1
ijc_115,ijc,250199,1,122,1
ike_080,ike,198001,2,122,1
ike_081,ike,199801,2,125,1
ike_082,ike,201601,2,128,1
ike_083,ike,205201,2,134,1
ike_084,ike,207001,2,137,1
ike_085,ike,208801,2,140,1
ike_086,ike,210601,2,143,1
ike_087,ike,212401,2,146,1
ike_088,ike,216000,2,150,1
ike_089,ike,217800,2,150,1
ike_090,ike,219601,2,150,1
ike_091,ike,221401,2,150,1
ike_092,ike,223201,2,150,1
ike_093,ike,226801,2,150,1
ike_094,ike,228601,2,150,1
ike_095,ike,237600,2,150,1
ike_096,ike,239400,2,150,1
ike_097,ike,241200,2,149,1
ike_098,ike,243000,2,148,1
ike_099,ike,252000,2,143,1
ike_100,ike,253799,2,142,1
ike_101,ike,255600,2,141,1
ike_102,ike,259200,2,139,1
ike_103,ike,261000,2,137,1
ike_104,ike,262800,2,135,1
ike_105,ike,264600,2,133,1
ike_106,ike,266400,2,131,1
ike_107,ike,269999,2,126,1
ike_108,ike,271800,2,124,1
ike_109,ike,273600,2,122,1
ike_125,ike,307801,2,121,1
ike_126,ike,309601,2,123,1
ike_127,ike,313201,2,126,1
ike_128,ike,315001,2,128,1
ike_129,ike,323999,2,135,1
ike_130,ike,325800,2,136,1
imi_055,imi,361801,2,134,1
imi_056,imi,365401,2,135,1
imi_057,imi,367201,2,135,1
imi_058,imi,369000,2,135,1
imi_059,imi,370800,2,135,1
imi_060,imi,372601,2,135,1
imi_061,imi,376201,2,135,1
imi_062,imi,378001,2,135,1
imi_063,imi,379801,2,135,1
imi_064,imi,381601,2,135,1
imi_065,imi,383402,2,135,1
imi_066,imi,387001,2,135,1
imi_067,imi,388801,2,134,1
imi_068,imi,390601,2,134,1
imi_069,imi,392401,2,134,1
imi_070,imi,394201,2,133,1
imi_071,imi,397802,2,132,1
imi_072,imi,399601,2,132,1
imi_073,imi,401403,2,131,1
imi_074,imi,403202,2,131,1
imi_075,imi,405000,2,131,1
imi_076,imi,408600,2,130,1
imi_077,imi,410400,2,129,1
imi_078,imi,412200,2,129,1
imi_079,imi,414000,2,129,1
imi_080,imi,415800,2,128,1
imi_081,imi,419400,2,127,1
imi_082,imi,421200,2,127,1
imi_083,imi,423000,2,126,1
imi_084,imi,424800,2,126,1
imi_085,imi,426600,2,126,1
imi_086,imi,430200,2,125,1
imi_087,imi,432000,2,124,1
jht_109,jht,320399,2,121,1
jht_110,jht,324000,2,126,1
jht_111,jht,325800,2,127,1
jht_112,jht,327600,2,129,1
jht_113,jht,329399,2,130,1
meg_038,meg,180000,2,121,1
meg_039,meg,181800,2,121,1
meg_040,meg,183600,2,121,1
meg_041,meg,185400,2,122,1
meg_042,meg,189000,2,123,1
meg_043,meg,190800,2,123,1
meg_044,meg,192600,2,124,1
meg_045,meg,194400,2,124,1
meg_046,meg,196200,2,124,1
meg_047,meg,199799,2,125,1
meg_048,meg,210600,2,122,1
meg_049,meg,212400,2,122,1
meg_050,meg,214200,2,121,1
meg_051,meg,215999,2,121,1
meg_052,meg,217800,2,121,1
meg_086,meg,309600,2,121,1
meg_087,meg,311400,2,121,1
meg_088,meg,313200,2,121,1
meg_089,meg,315000,2,122,1
meg_090,meg,318599,2,123,1
meg_091,meg,320400,2,123,1
pcq_020,pcq,106200,2,121,1
pcq_021,pcq,108000,2,122,1
pcq_022,pcq,109800,2,123,1
pcq_023,pcq,113400,2,126,1
pcq_024,pcq,115200,2,128,1
pcq_025,pcq,117000,2,129,1
pcq_026,pcq,118800,2,131,1
pcq_027,pcq,120600,2,133,1
pcq_028,pcq,124200,2,136,1
pcq_029,pcq,126000,2,138,1
pcq_030,pcq,127800,2,139,1
pcq_031,pcq,352800,2,136,1
pcq_032,pcq,354600,2,137,1
pcq_033,pcq,356400,2,138,1
pcq_034,pcq,358200,2,139,1
pcq_035,pcq,361800,2,140,1
pcq_036,pcq,363600,2,141,1
pcq_037,pcq,365400,2,142,1
pcq_038,pcq,367200,2,143,1
pcq_039,pcq,369000,2,144,1
pcq_040,pcq,372600,2,145,1
pcq_041,pcq,374400,2,146,1
pcq_042,pcq,376200,2,146,1
pcq_043,pcq,378000,2,146,1
pcq_044,pcq,379800,2,147,1
pcq_045,pcq,383399,2,148,1
pcq_046,pcq,385200,2,148,1
pcq_047,pcq,394199,2,150,1
pcq_048,pcq,396001,2,150,1
psz_094,psz,201601,2,123,1
psz_095,psz,205201,2,129,1
psz_096,psz,207002,2,132,1
psz_097,psz,208801,2,135,1
psz_098,psz,210601,2,138,1
psz_099,psz,212401,2,141,1
psz_100,psz,216001,2,145,1
psz_101,psz,217801,2,145,1
psz_102,psz,219601,2,145,1
psz_103,psz,221402,2,144,1
psz_104,psz,223201,2,143,1
psz_105,psz,226802,2,141,1
psz_106,psz,228601,2,140,1
psz_107,psz,230401,2,139,1
psz_108,psz,232201,2,138,1
psz_109,psz,234000,2,137,1
psz_110,psz,237599,2,135,1
psz_111,psz,239400,2,136,1
psz_112,psz,241200,2,136,1
psz_113,psz,243000,2,136,1
psz_114,psz,244800,2,137,1
psz_115,psz,248400,2,138,1
psz_116,psz,250200,2,138,1
psz_117,psz,252002,2,139,1
psz_118,psz,253802,2,139,1
psz_119,psz,255600,2,139,1
psz_120,psz,259200,2,140,1
psz_121,psz,261000,2,141,1
psz_122,psz,262800,2,141,1
psz_123,psz,264600,2,141,1
psz_124,psz,266400,2,142,1
psz_125,psz,270000,2,143,1
psz_126,psz,271800,2,143,1
psz_127,psz,273600,2,144,1
psz_128,psz,275400,2,144,1
psz_129,psz,277201,2,144,1
psz_130,psz,280801,2,145,1
psz_131,psz,282601,2,146,1
psz_132,psz,284401,2,146,1
psz_133,psz,286203,2,146,1
psz_134,psz,288001,2,147,1
psz_135,psz,291600,2,148,1
psz_136,psz,293401,2,148,1
psz_137,psz,295201,2,149,1
psz_138,psz,297001,2,149,1
psz_139,psz,298801,2,149,1
psz_140,psz,302401,2,150,1
psz_141,psz,304201,2,150,1
psz_142,psz,306000,2,150,1
psz_143,psz,307801,2,150,1
psz_144,psz,309601,2,150,1
psz_145,psz,313201,2,149,1
psz_146,psz,315001,2,147,1
pug_270,pug,585000,1,121,1
pug_271,pug,586800,1,121,1
pug_272,pug,588600,1,122,1
pug_273,pug,590401,1,122,1
pug_274,pug,594000,1,123,1
pug_275,pug,595801,1,123,1
pug_276,pug,597600,1,124,1
pug_277,pug,599401,1,124,1
pug_278,pug,601200,1,125,1
pug_279,pug,604801,1,125,1
pug_280,pug,606600,1,124,1
pug_281,pug,608400,1,124,1
pug_282,pug,610201,1,123,1
pug_283,pug,615598,1,122,1
qfa_021,qfa,62998,1,121,1
qfa_022,qfa,64798,1,122,1
qfa_023,qfa,66599,1,123,1
qfa_024,qfa,68398,1,123,1
qfa_025,qfa,70198,1,124,1
qfa_026,qfa,73800,1,126,1
qfa_027,qfa,75600,1,127,1
qfa_028,qfa,77400,1,128,1
qfa_029,qfa,79200,1,128,1
qfa_030,qfa,81000,1,129,1
qfa_031,qfa,84600,1,130,1
qfa_032,qfa,86400,1,129,1
qfa_033,qfa,88200,1,129,1
qfa_034,qfa,90000,1,128,1
rdc_031,rdc,279001,2,121,1
rdc_032,rdc,280801,2,122,1
rdc_033,rdc,282603,2,123,1
rdc_034,rdc,284402,2,124,1
rdc_035,rdc,288001,2,125,1
rdc_036,rdc,289801,2,126,1
rdc_037,rdc,291601,2,127,1
rdc_038,rdc,293401,2,128,1
rdc_039,rdc,295201,2,129,1
rdc_040,rdc,298804,2,130,1
rdc_041,rdc,300601,2,131,1
rdc_042,rdc,302401,2,132,1
rdc_043,rdc,304202,2,133,1
rdc_044,rdc,306000,2,134,1
rdc_045,rdc,309600,2,136,1
rdc_046,rdc,311400,2,137,1
rdc_071,rdc,608401,2,139,1
rdc_072,rdc,612001,2,140,1
rdc_073,rdc,613801,2,141,1
rdc_074,rdc,615600,2,141,1
rdc_075,rdc,617400,2,141,1
rdc_076,rdc,619201,2,142,1
rdc_077,rdc,622801,2,143,1
rdc_078,rdc,624601,2,143,1
rdc_079,rdc,626401,2,144,1
rdc_080,rdc,628201,2,144,1
rdc_081,rdc,630002,2,144,1
rdc_082,rdc,633601,2,145,1
rdc_083,rdc,635401,2,145,1
rdc_084,rdc,637201,2,145,1
rdc_085,rdc,639001,2,145,1
rdc_086,rdc,640801,2,145,1
rdc_087,rdc,644402,2,144,1
rdc_088,rdc,646201,2,141,1
rpk_000,rpk,0,1,125,1
rpk_001,rpk,1800,1,125,1
rpk_002,rpk,3600,1,125,1
rpk_003,rpk,5400,1,125,1
rpk_004,rpk,7200,1,125,1
rpk_005,rpk,10800,1,124,1
rpk_006,rpk,12600,1,123,1
rpk_007,rpk,14400,1,122,1
sdt_093,sdt,199800,1,121,1
sdt_094,sdt,203401,1,124,1
sdt_095,sdt,205202,1,125,1
sdt_096,sdt,207002,1,126,1
sdt_097,sdt,208801,1,128,1
sdt_098,sdt,210601,1,129,1
sdt_099,sdt,214201,1,130,1
sdt_100,sdt,216002,1,130,1
sdt_101,sdt,217801,1,130,1
sdt_102,sdt,219601,1,130,1
sdt_103,sdt,221403,1,130,1
sdt_104,sdt,225002,1,130,1
sdt_105,sdt,226801,1,130,1
sdt_106,sdt,228601,1,130,1
sdt_107,sdt,230402,1,130,1
sdt_108,sdt,232201,1,130,1
sdt_109,sdt,235800,1,130,1
sdt_110,sdt,237601,1,129,1
sdt_111,sdt,239402,1,129,1
sdt_112,sdt,241201,1,128,1
sdt_113,sdt,243001,1,128,1
sdt_114,sdt,246600,1,127,1
sdt_115,sdt,248400,1,127,1
sdt_116,sdt,250201,1,126,1
snk_042,snk,113401,1,121,1
snk_043,snk,126001,1,125,1
snk_044,snk,127801,1,125,1
snk_045,snk,136800,1,125,1
snk_046,snk,140400,1,125,1
snk_047,snk,142200,1,125,1
snk_048,snk,145800,1,125,1
snk_049,snk,147600,1,125,1
snk_050,snk,149400,1,125,1
snk_051,snk,151200,1,125,1
snk_052,snk,153000,1,125,1
snk_053,snk,156600,1,125,1
snk_054,snk,158400,1,125,1
snk_055,snk,160200,1,125,1
snk_056,snk,162000,1,125,1
snk_057,snk,163800,1,125,1
snk_058,snk,167400,1,125,1
snk_059,snk,169200,1,125,1
snk_060,snk,171000,1,125,1
snk_061,snk,172800,1,125,1
snk_062,snk,174600,1,125,1
snk_063,snk,178201,1,125,1
snk_064,snk,180001,1,125,1
snk_065,snk,181801,1,125,1
snk_066,snk,183601,1,125,1
tmv_082,tmv,302400,2,121,1
tmv_083,tmv,304199,2,123,1
tmv_084,tmv,306000,2,125,1
tmv_085,tmv,307799,2,127,1
tmv_086,tmv,309600,2,129,1
tmv_087,tmv,313200,2,134,1
tmv_088,tmv,315000,2,136,1
tmv_089,tmv,316800,2,138,1
tmv_090,tmv,318600,2,140,1
tmv_091,tmv,320400,2,142,1
tmv_092,tmv,324000,2,145,1
tmv_093,tmv,325800,2,146,1
tmv_094,tmv,327600,2,146,1
tmv_095,tmv,329400,2,146,1
tmv_096,tmv,331200,2,147,1
tmv_097,tmv,334800,2,148,1
tmv_098,tmv,336600,2,148,1
tmv_099,tmv,338400,2,149,1
tmv_100,tmv,340200,2,149,1
tmv_101,tmv,342000,2,149,1
tmv_102,tmv,345600,2,150,1
tmv_108,tmv,383400,2,143,1
tmv_109,tmv,385200,2,142,1
tmv_110,tmv,388800,2,139,1
tmv_111,tmv,390600,2,138,1
tmv_112,tmv,392400,2,137,1
tmv_113,tmv,394200,2,136,1
tmv_114,tmv,396000,2,134,1
tmv_115,tmv,399600,2,132,1
tmv_116,tmv,401400,2,131,1
tmv_117,tmv,403200,2,129,1
tmv_118,tmv,405000,2,128,1
tmv_119,tmv,406800,2,127,1
tmv_120,tmv,410400,2,125,1
tmv_121,tmv,412200,2,124,1
tmx_065,tmx,169200,1,121,1
tmx_066,tmx,171001,1,123,1
tmx_067,tmx,172801,1,124,1
tmx_068,tmx,174601,1,125,1
tmx_069,tmx,176401,1,126,1
tmx_070,tmx,180001,1,129,1
tmx_071,tmx,181800,1,130,1
tmx_072,tmx,183601,1,131,1
tmx_073,tmx,185400,1,133,1
tmx_074,tmx,187201,1,134,1
tmx_075,tmx,190800,1,135,1
tmx_076,tmx,192600,1,135,1
tmx_077,tmx,194400,1,135,1
tmx_078,tmx,196200,1,135,1
tmx_079,tmx,198000,1,135,1
tmx_080,tmx,201603,1,135,1
tmx_081,tmx,203402,1,135,1
tmx_082,tmx,205202,1,135,1
tmx_083,tmx,207002,1,135,1
tmx_084,tmx,208802,1,135,1
tmx_085,tmx,212402,1,135,1
tmx_086,tmx,214202,1,134,1
tmx_087,tmx,216002,1,134,1
tmx_088,tmx,217802,1,133,1
tmx_089,tmx,219602,1,133,1
tmx_090,tmx,223202,1,132,1
tmx_091,tmx,234002,1,130,1
tmx_092,tmx,235802,1,129,1
tmx_093,tmx,237603,1,129,1
tmx_094,tmx,239402,1,128,1
tmx_095,tmx,246600,1,127,1
tmx_096,tmx,248401,1,126,1
utl_098,utl,239401,1,121,1
utl_099,utl,241201,1,121,1
utl_100,utl,243001,1,122,1
utl_101,utl,250200,1,123,1
utl_102,utl,251999,1,124,1
utl_103,utl,253799,1,124,1
utl_104,utl,255599,1,125,1
utl_105,utl,259199,1,125,1
utl_106,utl,261000,1,125,1
utl_107,utl,262799,1,125,1
utl_108,utl,264599,1,125,1
utl_109,utl,266400,1,125,1
utl_110,utl,270000,1,125,1
utl_111,utl,271800,1,125,1
utl_112,utl,273599,1,125,1
utl_113,utl,275400,1,125,1
utl_114,utl,277200,1,125,1
utl_115,utl,280800,1,125,1
utl_116,utl,282600,1,124,1
utl_117,utl,284400,1,124,1
utl_118,utl,286200,1,123,1
vgg_015,vgg,32399,1,121,1
vgg_016,vgg,34199,1,122,1
vgg_017,vgg,35999,1,123,1
vgg_018,vgg,37799,1,123,1
vgg_019,vgg,39599,1,124,1
vgg_020,vgg,43201,1,126,1
vgg_021,vgg,45001,1,127,1
vgg_022,vgg,46801,1,128,1
vgg_023,vgg,48599,1,128,1
vgg_024,vgg,50399,1,129,1
vgg_025,vgg,53999,1,131,1
vgg_026,vgg,55800,1,132,1
vgg_027,vgg,57599,1,133,1
vgg_028,vgg,59399,1,133,1
vgg_029,vgg,61199,1,134,1
vgg_030,vgg,64799,1,136,1
vgg_031,vgg,66599,1,137,1
vgg_032,vgg,68399,1,138,1
vgg_033,vgg,70200,1,138,1
vgg_034,vgg,71999,1,139,1
vgg_035,vgg,75599,1,139,1
vgg_036,vgg,77399,1,138,1
vgg_037,vgg,79199,1,137,1
vgg_038,vgg,81001,1,137,1
vgg_039,vgg,82801,1,136,1
vgg_040,vgg,86399,1,134,1
vgg_041,vgg,88199,1,133,1
vgg_042,vgg,89999,1,132,1
vgg_043,vgg,91799,1,132,1
vni_000,vni,0,1,125,1
vni_001,vni,3600,1,125,1
vni_002,vni,5401,1,125,1
vni_003,vni,7201,1,125,1
vni_004,vni,9001,1,125,1
vni_005,vni,10800,1,125,1
vni_006,vni,14401,1,125,1
vni_007,vni,16200,1,125,1
vni_008,vni,18000,1,125,1
vni_009,vni,19800,1,125,1
vni_010,vni,21600,1,125,1
vni_011,vni,25200,1,125,1
vni_012,vni,27000,1,124,1
vni_013,vni,28800,1,124,1
woz_014,woz,30601,1,121,1
woz_015,woz,32401,1,122,1
woz_016,woz,34201,1,123,1
woz_017,woz,36001,1,123,1
woz_018,woz,37801,1,124,1
woz_019,woz,41401,1,126,1
woz_020,woz,43201,1,127,1
woz_021,woz,45001,1,128,1
woz_022,woz,46801,1,128,1
woz_023,woz,48601,1,129,1
woz_024,woz,52200,1,131,1
woz_025,woz,54000,1,132,1
woz_026,woz,55800,1,133,1
woz_027,woz,57600,1,133,1
woz_028,woz,59400,1,134,1
woz_029,woz,63000,1,135,1
woz_030,woz,64799,1,134,1
woz_031,woz,66599,1,134,1
woz_032,woz,68399,1,133,1
woz_033,woz,70199,1,133,1
woz_034,woz,73799,1,132,1
woz_035,woz,75599,1,132,1
woz_036,woz,77399,1,131,1
woz_037,woz,79199,1,131,1
woz_038,woz,81000,1,130,1
wsy_142,wsy,307801,1,122,1
wsy_143,wsy,309601,1,123,1
wsy_144,wsy,313201,1,127,1
wsy_145,wsy,315002,1,128,1
wsy_146,wsy,316801,1,130,1
wsy_147,wsy,318601,1,132,1
wsy_148,wsy,320402,1,133,1
wsy_149,wsy,324001,1,135,1
wsy_150,wsy,325802,1,134,1
wsy_151,wsy,327601,1,134,1
wsy_152,wsy,329402,1,133,1
wsy_153,wsy,331201,1,133,1
wsy_154,wsy,334800,1,132,1
wsy_155,wsy,336600,1,132,1
wsy_156,wsy,338400,1,131,1
wsy_157,wsy,340200,1,131,1
wsy_158,wsy,342000,1,130,1
wsy_159,wsy,345599,1,130,1
wsy_160,wsy,347401,1,129,1
wsy_161,wsy,349200,1,129,1
wsy_162,wsy,351000,1,128,1
wsy_163,wsy,352800,1,128,1
wsy_164,wsy,356400,1,127,1
wsy_165,wsy,358200,1,127,1
wsy_166,wsy,360000,1,126,1
wsy_167,wsy,361800,1,126,1
wsy_168,wsy,363601,1,125,1
wsy_169,wsy,367200,1,125,1
wsy_170,wsy,369000,1,124,1
wsy_171,wsy,370800,1,124,1
wsy_172,wsy,372601,1,123,1
wsy_173,wsy,374402,1,123,1
wsy_174,wsy,378000,1,122,1
wsy_175,wsy,379801,1,122,1
wsy_176,wsy,381603,1,121,1
wsy_177,wsy,383402,1,121,1
wsy_200,wsy,433800,1,121,1
wsy_201,wsy,435601,1,121,1
wsy_202,wsy,437399,1,122,1
wsy_203,wsy,439200,1,122,1
wsy_204,wsy,442800,1,123,1
wsy_205,wsy,444600,1,123,1
wsy_206,wsy,446400,1,124,1
wsy_207,wsy,448200,1,124,1
wsy_208,wsy,450000,1,125,1
wsy_209,wsy,453600,1,125,1
wsy_210,wsy,455400,1,126,1
wsy_211,wsy,457199,1,126,1
wsy_212,wsy,459000,1,127,1
wsy_213,wsy,460800,1,127,1
wsy_214,wsy,464401,1,128,1
wsy_215,wsy,466200,1,128,1
wsy_216,wsy,468000,1,129,1
wsy_217,wsy,469803,1,129,1
wsy_218,wsy,471601,1,130,1
wsy_219,wsy,475202,1,130,1
wsy_220,wsy,477001,1,130,1
wsy_221,wsy,478801,1,130,1
wsy_222,wsy,480602,1,130,1
wsy_223,wsy,482401,1,130,1
wsy_224,wsy,486001,1,130,1
wsy_225,wsy,487801,1,130,1
wsy_226,wsy,489602,1,130,1
wsy_227,wsy,491401,1,130,1
wsy_228,wsy,493201,1,130,1
wsy_229,wsy,496801,1,130,1
wsy_230,wsy,498602,1,130,1
wsy_231,wsy,500401,1,130,1
wsy_232,wsy,502201,1,130,1
wsy_233,wsy,504002,1,130,1
wsy_234,wsy,507601,1,130,1
wsy_235,wsy,509401,1,130,1
wsy_236,wsy,511200,1,130,1
wsy_237,wsy,513000,1,130,1
wsy_238,wsy,514799,1,130,1
wsy_239,wsy,518400,1,130,1
wtz_078,wtz,280801,1,140,1
wtz_079,wtz,284401,1,140,1
wtz_080,wtz,288001,1,140,1
wtz_081,wtz,291601,1,140,1
wtz_082,wtz,295201,1,140,1
wtz_083,wtz,298801,1,140,1
wtz_084,wtz,302401,1,135,1
wtz_085,wtz,306001,1,135,1
wtz_086,wtz,309601,1,135,1
wtz_087,wtz,313201,1,135,1
wtz_088,wtz,316801,1,135,1
wtz_089,wtz,320401,1,135,1
wtz_090,wtz,324001,1,130,1
wtz_091,wtz,327601,1,130,1
wtz_092,wtz,331201,1,130,1
xgr_000,xgr,0,1,136,1
xgr_001,xgr,1801,1,138,1
xgr_002,xgr,3600,1,139,1
xgr_003,xgr,5401,1,140,1
xgr_004,xgr,7200,1,141,1
xgr_005,xgr,10802,1,144,1
xgr_006,xgr,12602,1,145,1
xgr_007,xgr,14402,1,146,1
xgr_008,xgr,16202,1,148,1
xgr_009,xgr,18002,1,149,1
xgr_010,xgr,21602,1,150,1
xgr_030,xgr,70201,1,150,1
xgr_031,xgr,72001,1,149,1
xgr_032,xgr,75600,1,146,1
xgr_033,xgr,77400,1,145,1
xgr_034,xgr,79201,1,144,1
xgr_035,xgr,81000,1,142,1
xgr_036,xgr,82800,1,141,1
xgr_037,xgr,86401,1,139,1
xgr_038,xgr,88201,1,137,1
xgr_039,xgr,90001,1,136,1
xgr_040,xgr,91801,1,135,1
xgr_041,xgr,93600,1,134,1
xgr_042,xgr,97202,1,131,1
xgr_043,xgr,99002,1,130,1
xnq_050,xnq,291600,2,121,1
xnq_051,xnq,293400,2,123,1
xnq_052,xnq,295200,2,124,1
xnq_053,xnq,297000,2,126,1
xnq_054,xnq,298800,2,128,1
xnq_055,xnq,302400,2,130,1
xnq_056,xnq,304200,2,129,1
xnq_057,xnq,306000,2,128,1
xnq_058,xnq,307800,2,127,1
xnq_059,xnq,309600,2,126,1
xnq_060,xnq,313200,2,125,1
xnq_061,xnq,315000,2,124,1
xnq_062,xnq,316800,2,123,1
xnq_063,xnq,318600,2,122,1
xnq_064,xnq,320400,2,121,1
xnq_122,xnq,446400,2,121,1
xnq_123,xnq,448200,2,122,1
xnq_124,xnq,450000,2,123,1
xnq_125,xnq,453600,2,125,1
xnq_126,xnq,455400,2,124,1
xnq_127,xnq,457200,2,124,1
xnq_128,xnq,459000,2,124,1
xnq_129,xnq,460800,2,123,1
xtd_151,xtd,325801,1,121,1
xtd_152,xtd,327600,1,121,1
xtd_153,xtd,329400,1,122,1
xtd_154,xtd,331201,1,122,1
xtd_155,xtd,334801,1,123,1
xtd_156,xtd,336601,1,123,1
xtd_157,xtd,338400,1,124,1
xtd_158,xtd,340202,1,124,1
xtd_159,xtd,342000,1,125,1
xtd_160,xtd,345601,1,125,1
xtd_161,xtd,347400,1,125,1
xtd_162,xtd,349200,1,125,1
xtd_163,xtd,351000,1,125,1
xtd_164,xtd,352800,1,125,1
xtd_165,xtd,356399,1,125,1
xtd_166,xtd,358201,1,125,1
xtd_167,xtd,360000,1,125,1
xtd_168,xtd,361799,1,125,1
xtd_169,xtd,363599,1,125,1
xtd_170,xtd,367199,1,124,1
ykj_072,ykj,158399,1,121,1
ykj_073,ykj,160199,1,123,1
ykj_074,ykj,161999,1,124,1
ykj_075,ykj,165600,1,125,1
ykj_076,ykj,167400,1,125,1
ykj_077,ykj,169199,1,125,1
ykj_078,ykj,170999,1,125,1
ykj_079,ykj,172800,1,125,1
ykj_080,ykj,176400,1,125,1
ykj_081,ykj,178200,1,125,1
ykj_082,ykj,179999,1,125,1
ykj_083,ykj,181799,1,125,1
ykj_084,ykj,183600,1,125,1
ykj_085,ykj,187199,1,124,1
ykj_086,ykj,188999,1,123,1
yry_287,yry,1058394,2,125,1
yry_288,yry,1061994,2,125,1
zvv_054,zvv,115201,1,121,1
zvv_055,zvv,118799,1,124,1
zvv_056,zvv,120599,1,125,1
zvv_057,zvv,122399,1,126,1
zvv_058,zvv,124199,1,128,1
zvv_059,zvv,125999,1,129,1
zvv_060,zvv,129599,1,131,1
zvv_061,zvv,131399,1,132,1
zvv_062,zvv,133201,1,133,1
zvv_063,zvv,134998,1,133,1
zvv_064,zvv,136799,1,134,1
zvv_065,zvv,140398,1,136,1
zvv_066,zvv,142199,1,137,1
zvv_067,zvv,143999,1,138,1
zvv_068,zvv,145799,1,138,1
zvv_069,zvv,147599,1,139,1
zvv_070,zvv,151200,1,140,1
zvv_071,zvv,153000,1,139,1
zvv_072,zvv,154798,1,139,1
zvv_073,zvv,156599,1,138,1
zvv_074,zvv,158399,1,138,1
zvv_075,zvv,162000,1,137,1
zvv_076,zvv,163801,1,137,1
zvv_077,zvv,165600,1,136,1
zvv_078,zvv,167401,1,136,1
zvv_079,zvv,169200,1,135,1
zvv_080,zvv,172801,1,135,1
zvv_081,zvv,174600,1,134,1
zvv_082,zvv,176400,1,134,1
zvv_083,zvv,178201,1,133,1
zvv_084,zvv,180000,1,133,1
zvv_085,zvv,183600,1,132,1
zvv_086,zvv,185400,1,132,1
zvv_087,zvv,187201,1,131,1
zvv_088,zvv,189000,1,131,1
zvv_089,zvv,190800,1,130,1
zvv_090,zvv,194400,1,130,1
zvv_091,zvv,196201,1,129,1
zvv_092,zvv,198000,1,129,1
zvv_093,zvv,199800,1,128,1
zvv_094,zvv,201603,1,128,1
azm_034,azm,349200,2,124,0
azm_035,azm,351000,2,124,0
azm_036,azm,352800,2,123,0
azm_037,azm,356400,2,122,0
azm_038,azm,358200,2,122,0
azm_039,azm,360000,2,121,0
azm_040,azm,361800,2,121,0
azm_041,azm,363600,2,121,0
bcf_056,bcf,122402,1,135,0
bcf_057,bcf,124201,1,130,0
cti_077,cti,165601,1,121,0
cti_078,cti,167400,1,121,0
dce_226,dce,813596,2,135,0
dce_227,dce,817196,2,135,0
dce_228,dce,820796,2,125,0
dce_229,dce,824396,2,125,0
dce_230,dce,827996,2,125,0
dce_231,dce,831596,2,125,0
dce_232,dce,835196,2,125,0
dce_233,dce,838796,2,125,0
dft_144,dft,313202,1,122,0
dft_145,dft,314999,1,122,0
dft_146,dft,316801,1,121,0
dft_147,dft,318600,1,121,0
djm_105,djm,226801,1,122,0
djm_106,djm,228600,1,122,0
djm_107,djm,230400,1,121,0
djm_108,djm,232202,1,121,0
eck_161,eck,457200,2,137,0
eck_162,eck,459000,2,136,0
eck_163,eck,460800,2,134,0
eck_164,eck,464400,2,132,0
eck_165,eck,466200,2,131,0
eck_166,eck,475199,2,124,0
eck_167,eck,477000,2,123,0
eck_168,eck,478800,2,121,0
efl_122,efl,269998,1,129,0
efl_123,efl,271798,1,127,0
efl_124,efl,273599,1,126,0
efl_125,efl,277198,1,124,0
efl_126,efl,278998,1,122,0
efl_127,efl,280798,1,121,0
eoi_262,eoi,567002,1,122,0
eoi_263,eoi,568803,1,121,0
fmv_059,fmv,129599,1,129,0
fmv_060,fmv,131399,1,127,0
fmv_061,fmv,133199,1,126,0
fmv_062,fmv,134999,1,125,0
fmv_063,fmv,136799,1,124,0
fmv_064,fmv,140402,1,121,0
fpc_015,fpc,183600,2,125,0
fpc_016,fpc,185400,2,125,0
frv_093,frv,201599,1,122,0
frv_094,frv,203399,1,122,0
frv_095,frv,205200,1,121,0
fzw_024,fzw,181798,2,138,0
fzw_025,fzw,183597,2,138,0
fzw_026,fzw,185398,2,139,0
fzw_027,fzw,187198,2,139,0
fzw_028,fzw,188998,2,139,0
fzw_029,fzw,192598,2,140,0
gmt_015,gmt,35998,2,121,0
gmt_016,gmt,37799,2,121,0
gmt_017,gmt,39599,2,121,0
grt_063,grt,136799,1,124,0
grt_064,grt,138599,1,122,0
grt_065,grt,140399,1,121,0
gux_187,gux,482401,2,130,0
gux_188,gux,486002,2,130,0
gux_189,gux,487801,2,130,0
gux_190,gux,489601,2,130,0
gux_191,gux,491401,2,130,0
gux_192,gux,493200,2,130,0
gux_193,gux,496800,2,130,0
gux_194,gux,498600,2,130,0
gux_195,gux,500400,2,130,0
gux_196,gux,502200,2,130,0
gux_197,gux,504000,2,130,0
gux_198,gux,507600,2,130,0
gux_199,gux,509400,2,130,0
gux_200,gux,511199,2,130,0
gux_201,gux,513000,2,130,0
gux_202,gux,514800,2,129,0
gux_203,gux,518401,2,125,0
gux_204,gux,520200,2,124,0
gux_205,gux,521999,2,124,0
gux_206,gux,523800,2,124,0
gux_207,gux,525600,2,123,0
gux_208,gux,529200,2,122,0
gux_209,gux,530999,2,122,0
gux_210,gux,532800,2,121,0
gux_211,gux,534600,2,121,0
gux_212,gux,536401,2,121,0
hcg_148,hcg,372602,2,122,0
hcg_149,hcg,374403,2,121,0
hcg_150,hcg,376202,2,121,0
hcg_151,hcg,378002,2,121,0
hqw_158,hqw,568803,2,130,0
hqw_159,hqw,572403,2,130,0
hqw_160,hqw,576003,2,130,0
hqw_161,hqw,579603,2,130,0
hsq_161,hsq,518399,1,125,0
hsq_162,hsq,520200,1,124,0
hsq_163,hsq,522000,1,124,0
hsq_164,hsq,523800,1,123,0
hsq_165,hsq,525599,1,123,0
hsq_166,hsq,529201,1,122,0
hsq_167,hsq,531001,1,122,0
hsq_168,hsq,532801,1,121,0
hsq_169,hsq,534601,1,121,0
iaz_129,iaz,433800,2,121,0
ijc_116,ijc,251999,1,121,0
ijc_117,ijc,253800,1,121,0
ike_131,ike,327600,2,136,0
ike_132,ike,329400,2,136,0
ike_133,ike,340200,2,139,0
ike_134,ike,342000,2,139,0
ike_135,ike,345600,2,138,0
ike_136,ike,347400,2,133,0
ike_137,ike,349200,2,129,0
ike_138,ike,351000,2,124,0
imi_088,imi,433799,2,124,0
imi_089,imi,435600,2,124,0
imi_090,imi,437400,2,123,0
imi_091,imi,441000,2,122,0
imi_092,imi,442800,2,122,0
imi_093,imi,444600,2,121,0
imi_094,imi,446400,2,121,0
imi_095,imi,448202,2,121,0
jht_114,jht,331200,2,127,0
meg_092,meg,329399,2,125,0
meg_093,meg,331200,2,125,0
meg_094,meg,333000,2,125,0
meg_095,meg,345600,2,121,0
meg_096,meg,347400,2,121,0
pcq_049,pcq,397800,2,150,0
pcq_050,pcq,399600,2,150,0
pcq_051,pcq,401400,2,150,0
pcq_052,pcq,405000,2,141,0
pcq_053,pcq,406800,2,136,0
pcq_054,pcq,408600,2,130,0
pcq_055,pcq,410400,2,124,0
psz_147,psz,316801,2,146,0
psz_148,psz,318601,2,144,0
psz_149,psz,320400,2,142,0
psz_150,psz,324000,2,140,0
psz_151,psz,325800,2,139,0
psz_152,psz,327600,2,139,0
psz_153,psz,329400,2,138,0
psz_154,psz,331199,2,137,0
psz_155,psz,334800,2,136,0
psz_156,psz,336600,2,136,0
psz_157,psz,338400,2,135,0
psz_158,psz,340200,2,129,0
psz_159,psz,342000,2,124,0
pug_284,pug,617399,1,122,0
pug_285,pug,619199,1,121,0
pug_286,pug,620999,1,121,0
qfa_035,qfa,91800,1,128,0
qfa_036,qfa,95400,1,127,0
qfa_037,qfa,106200,1,125,0
rdc_089,rdc,648003,2,139,0
rdc_090,rdc,649802,2,136,0
rdc_091,rdc,651600,2,134,0
rdc_092,rdc,655200,2,129,0
rdc_093,rdc,657000,2,127,0
rdc_094,rdc,658800,2,126,0
rdc_095,rdc,660600,2,124,0
rdc_096,rdc,662400,2,122,0
rpk_008,rpk,16200,1,122,0
rpk_009,rpk,18000,1,121,0
sdt_117,sdt,252000,1,126,0
sdt_118,sdt,253800,1,125,0
sdt_119,sdt,257400,1,124,0
sdt_120,sdt,259200,1,122,0
sdt_121,sdt,261000,1,121,0
snk_067,snk,185401,1,125,0
snk_068,snk,189001,1,124,0
snk_069,snk,190801,1,123,0
snk_070,snk,192601,1,122,0
snk_071,snk,194401,1,122,0
snk_072,snk,196201,1,121,0
tmv_122,tmv,414000,2,124,0
tmv_123,tmv,415799,2,124,0
tmv_124,tmv,417600,2,123,0
tmv_125,tmv,421200,2,122,0
tmv_126,tmv,423000,2,122,0
tmv_127,tmv,424800,2,121,0
tmv_128,tmv,426600,2,121,0
tmv_129,tmv,428400,2,121,0
tmx_097,tmx,250201,1,126,0
tmx_098,tmx,252001,1,125,0
tmx_099,tmx,255601,1,124,0
tmx_100,tmx,257400,1,123,0
tmx_101,tmx,259201,1,122,0
tmx_102,tmx,261000,1,122,0
tmx_103,tmx,262800,1,121,0
utl_119,utl,287999,1,123,0
utl_120,utl,291601,1,122,0
utl_121,utl,293401,1,122,0
utl_122,utl,295201,1,121,0
utl_123,utl,296999,1,121,0
vgg_044,vgg,93599,1,131,0
vgg_045,vgg,97199,1,129,0
vgg_046,vgg,98999,1,127,0
vgg_047,vgg,100799,1,126,0
vgg_048,vgg,102599,1,125,0
vgg_049,vgg,104399,1,124,0
vgg_050,vgg,107999,1,121,0
vni_014,vni,30601,1,123,0
vni_015,vni,32401,1,123,0
vni_016,vni,36000,1,122,0
woz_039,woz,84599,1,129,0
woz_040,woz,86399,1,127,0
woz_041,woz,88199,1,126,0
woz_042,woz,89999,1,125,0
woz_043,woz,91799,1,124,0
woz_044,woz,95401,1,121,0
wsy_240,wsy,520200,1,129,0
wsy_241,wsy,522002,1,129,0
wsy_242,wsy,523801,1,128,0
wsy_243,wsy,525600,1,128,0
wsy_244,wsy,529201,1,127,0
wsy_245,wsy,531000,1,127,0
wsy_246,wsy,532800,1,126,0
wsy_247,wsy,534599,1,126,0
wsy_248,wsy,536400,1,125,0
wsy_249,wsy,540000,1,125,0
wsy_250,wsy,541801,1,124,0
wsy_251,wsy,543600,1,124,0
wsy_252,wsy,545400,1,123,0
wsy_253,wsy,547200,1,123,0
wsy_254,wsy,550801,1,122,0
wsy_255,wsy,552602,1,122,0
wsy_256,wsy,554401,1,121,0
wsy_257,wsy,556200,1,121,0
wtz_093,wtz,334801,1,130,0
wtz_094,wtz,338401,1,130,0
wtz_095,wtz,342001,1,130,0
xgr_044,xgr,100802,1,129,0
xgr_045,xgr,102602,1,127,0
xgr_046,xgr,104402,1,126,0
xgr_047,xgr,108002,1,124,0
xgr_048,xgr,109802,1,122,0
xgr_049,xgr,111602,1,121,0
xnq_130,xnq,464400,2,122,0
xnq_131,xnq,466200,2,122,0
xnq_132,xnq,468000,2,121,0
xnq_133,xnq,469800,2,121,0
xnq_134,xnq,471600,2,121,0
xtd_171,xtd,368999,1,123,0
xtd_172,xtd,370799,1,122,0
xtd_173,xtd,372599,1,122,0
xtd_174,xtd,374401,1,121,0
ykj_087,ykj,190799,1,122,0
ykj_088,ykj,192600,1,122,0
ykj_089,ykj,194399,1,121,0
zvv_095,zvv,205200,1,127,0
zvv_096,zvv,206999,1,127,0
zvv_097,zvv,208799,1,126,0
zvv_098,zvv,210599,1,126,0
zvv_099,zvv,212398,1,125,0
zvv_100,zvv,215999,1,124,0
zvv_101,zvv,217799,1,123,0
zvv_102,zvv,219599,1,122,0
zvv_103,zvv,221401,1,122,0
zvv_104,zvv,223199,1,121,0
